,,,,,,,,Available JobGroup (Rate?),,,,,,,,,,,,,,,,,,,,,,,,,,,,,,,,,,,,,,,,,,,,,,,,,,,,,,,,,,,,,,,,,,,,,,,,,,,,,Available S JobGroup (Rate?),,,,,,,,,,,,,,,,,,,,,,,,,,,,,,,,,,,,,,,,,,,,,,,,,,,,,,,,,,,,,,,,,,,,,,,,,,??,,,,,Rank rate (x1000),,,,,
id,startMonth,startDate,finishMonth,finishDate,explainText,explainArg,,,,,,,,,,,,,,,,,,,,,,,,,,,,,,,,,,,,,,,,,,,,,,,,,,,,,,,,,,,,,,,,,,,,,,,,,,,,,,,,,,,,,,,,,,,,,,,,,,,,,,,,,,,,,,,,,,,,,,,,,,,,,,,,,,,,,,,,,,,,,,,,,,,,,,,,,,,,,,,D,C,B,A,S
0,1,1,12,31,Get A-C Rank jobs!,Not used,未使用,1,24,2,1,5,2,2,5,2,3,30,2,4,10,2,5,30,2,6,30,2,7,30,2,8,20,2,9,30,2,10,20,2,11,30,2,12,20,2,13,50,2,14,40,2,15,30,2,16,20,2,17,10,2,18,10,2,19,10,2,20,10,2,21,10,2,22,10,2,23,10,2,24,30,,,,1,0,,,,,,,,,,,,,,,,,,,,,,,,,,,,,,,,,,,,,,,,,,,,,,,,,,,,,,,,,,,,,,,,,,,,,,,,,4,200,350,250,0,5,0,59233,27766,13001,0
1,1,2,1,5,Event period: <0>/<1> - <2> (<3>)!,S Rank Samurai,未使用,1,24,2,1,5,2,2,5,2,3,30,2,4,10,2,5,30,2,6,30,2,7,30,2,8,20,2,9,30,2,10,20,2,11,30,2,12,20,2,13,50,2,14,40,2,15,30,2,16,20,2,17,10,2,18,10,2,19,10,2,20,10,2,21,10,2,22,10,2,23,10,2,24,30,,,,1,1,2,20,25,,,,,,,,,,,,,,,,,,,,,,,,,,,,,,,,,,,,,,,,,,,,,,,,,,,,,,,,,,,,,,,,,,,,,,4,200,350,250,0,5,0,56612,27142,12685,3561
2,1,8,1,10,Event period: <0>/<1> - <2> (<3>)!,S Rank Viking,未使用,1,24,2,1,5,2,2,5,2,3,30,2,4,10,2,5,30,2,6,30,2,7,30,2,8,20,2,9,30,2,10,20,2,11,30,2,12,20,2,13,50,2,14,40,2,15,30,2,16,20,2,17,10,2,18,10,2,19,10,2,20,10,2,21,10,2,22,10,2,23,10,2,24,30,,,,1,1,2,21,25,,,,,,,,,,,,,,,,,,,,,,,,,,,,,,,,,,,,,,,,,,,,,,,,,,,,,,,,,,,,,,,,,,,,,,4,200,350,250,0,5,0,56905,26954,12521,3620
3,1,15,1,17,Event period: <0>/<1> - <2> (<3>)!,S Rank Pirate,未使用,1,24,2,1,5,2,2,5,2,3,30,2,4,10,2,5,30,2,6,30,2,7,30,2,8,20,2,9,30,2,10,20,2,11,30,2,12,20,2,13,50,2,14,40,2,15,30,2,16,20,2,17,10,2,18,10,2,19,10,2,20,10,2,21,10,2,22,10,2,23,10,2,24,30,,,,1,1,2,22,25,,,,,,,,,,,,,,,,,,,,,,,,,,,,,,,,,,,,,,,,,,,,,,,,,,,,,,,,,,,,,,,,,,,,,,4,200,350,250,0,5,0,57086,26826,12480,3608
4,1,22,1,24,Event period: <0>/<1> - <2> (<3>)!,S Rank Champion,未使用,1,24,2,1,5,2,2,5,2,3,30,2,4,10,2,5,30,2,6,30,2,7,30,2,8,20,2,9,30,2,10,20,2,11,30,2,12,20,2,13,50,2,14,40,2,15,30,2,16,20,2,17,10,2,18,10,2,19,10,2,20,10,2,21,10,2,22,10,2,23,10,2,24,30,,,,1,1,2,23,25,,,,,,,,,,,,,,,,,,,,,,,,,,,,,,,,,,,,,,,,,,,,,,,,,,,,,,,,,,,,,,,,,,,,,,4,200,350,250,0,5,0,56639,27161,12644,3556
5,1,28,1,30,Event period: <0>/<1> - <2> (<3>)!,S Rank Wizard,未使用,1,24,2,1,5,2,2,5,2,3,30,2,4,10,2,5,30,2,6,30,2,7,30,2,8,20,2,9,30,2,10,20,2,11,30,2,12,20,2,13,50,2,14,40,2,15,30,2,16,20,2,17,10,2,18,10,2,19,10,2,20,10,2,21,10,2,22,10,2,23,10,2,24,30,,,,1,1,2,24,25,,,,,,,,,,,,,,,,,,,,,,,,,,,,,,,,,,,,,,,,,,,,,,,,,,,,,,,,,,,,,,,,,,,,,,4,200,350,250,0,5,0,56965,26975,12425,3635
6,2,1,2,3,Event period: <0>/<1> - <2> (<3>)!,S Grade Merchant,未使用,1,24,2,1,5,2,2,5,2,3,30,2,4,10,2,5,30,2,6,30,2,7,30,2,8,20,2,9,30,2,10,20,2,11,30,2,12,20,2,13,50,2,14,40,2,15,30,2,16,20,2,17,10,2,18,10,2,19,10,2,20,10,2,21,10,2,22,10,2,23,10,2,24,30,,,,1,1,2,1,25,,,,,,,,,,,,,,,,,,,,,,,,,,,,,,,,,,,,,,,,,,,,,,,,,,,,,,,,,,,,,,,,,,,,,,4,200,350,250,0,5,0,56640,27158,12614,3588
7,2,5,2,8,Event period: <0>/<1> - <2> (<3>)!,S Rank Paladin,未使用,1,24,2,1,5,2,2,5,2,3,30,2,4,10,2,5,30,2,6,30,2,7,30,2,8,20,2,9,30,2,10,20,2,11,30,2,12,20,2,13,50,2,14,40,2,15,30,2,16,20,2,17,10,2,18,10,2,19,10,2,20,10,2,21,10,2,22,10,2,23,10,2,24,30,,,,1,1,2,16,25,,,,,,,,,,,,,,,,,,,,,,,,,,,,,,,,,,,,,,,,,,,,,,,,,,,,,,,,,,,,,,,,,,,,,,4,200,350,250,0,5,0,56830,26903,12587,3680
8,2,9,2,12,Event period: <0>/<1> - <2> (<3>)!,S Rank Gunner,未使用,1,24,2,1,5,2,2,5,2,3,30,2,4,10,2,5,30,2,6,30,2,7,30,2,8,20,2,9,30,2,10,20,2,11,30,2,12,20,2,13,50,2,14,40,2,15,30,2,16,20,2,17,10,2,18,10,2,19,10,2,20,10,2,21,10,2,22,10,2,23,10,2,24,30,,,,1,1,2,17,25,,,,,,,,,,,,,,,,,,,,,,,,,,,,,,,,,,,,,,,,,,,,,,,,,,,,,,,,,,,,,,,,,,,,,,4,200,350,250,0,5,0,56943,26800,12502,3755
9,2,15,2,18,Event period: <0>/<1> - <2> (<3>)!,S Rank Archer,未使用,1,24,2,1,5,2,2,5,2,3,30,2,4,10,2,5,30,2,6,30,2,7,30,2,8,20,2,9,30,2,10,20,2,11,30,2,12,20,2,13,50,2,14,40,2,15,30,2,16,20,2,17,10,2,18,10,2,19,10,2,20,10,2,21,10,2,22,10,2,23,10,2,24,30,,,,1,1,2,18,25,,,,,,,,,,,,,,,,,,,,,,,,,,,,,,,,,,,,,,,,,,,,,,,,,,,,,,,,,,,,,,,,,,,,,,4,200,350,250,0,5,0,56848,26890,12618,3644
10,3,1,3,3,Event period: <0>/<1> - <2> (<3>)!,S Rank Ninja,未使用,1,24,2,1,5,2,2,5,2,3,30,2,4,10,2,5,30,2,6,30,2,7,30,2,8,20,2,9,30,2,10,20,2,11,30,2,12,20,2,13,50,2,14,40,2,15,30,2,16,20,2,17,10,2,18,10,2,19,10,2,20,10,2,21,10,2,22,10,2,23,10,2,24,30,,,,1,1,2,19,25,,,,,,,,,,,,,,,,,,,,,,,,,,,,,,,,,,,,,,,,,,,,,,,,,,,,,,,,,,,,,,,,,,,,,,4,200,350,250,0,5,0,57039,26719,12585,3657
11,3,8,3,10,Event period: <0>/<1> - <2> (<3>)!,S Rank Samurai,未使用,1,24,2,1,5,2,2,5,2,3,30,2,4,10,2,5,30,2,6,30,2,7,30,2,8,20,2,9,30,2,10,20,2,11,30,2,12,20,2,13,50,2,14,40,2,15,30,2,16,20,2,17,10,2,18,10,2,19,10,2,20,10,2,21,10,2,22,10,2,23,10,2,24,30,,,,1,1,2,20,25,,,,,,,,,,,,,,,,,,,,,,,,,,,,,,,,,,,,,,,,,,,,,,,,,,,,,,,,,,,,,,,,,,,,,,4,200,350,250,0,5,0,57005,26923,12527,3545
12,3,15,3,17,Event period: <0>/<1> - <2> (<3>)!,S Rank Viking,未使用,1,24,2,1,5,2,2,5,2,3,30,2,4,10,2,5,30,2,6,30,2,7,30,2,8,20,2,9,30,2,10,20,2,11,30,2,12,20,2,13,50,2,14,40,2,15,30,2,16,20,2,17,10,2,18,10,2,19,10,2,20,10,2,21,10,2,22,10,2,23,10,2,24,30,,,,1,1,2,21,25,,,,,,,,,,,,,,,,,,,,,,,,,,,,,,,,,,,,,,,,,,,,,,,,,,,,,,,,,,,,,,,,,,,,,,4,200,350,250,0,5,0,56973,26813,12598,3616
13,3,22,3,24,Event period: <0>/<1> - <2> (<3>)!,S Rank Pirate,未使用,1,24,2,1,5,2,2,5,2,3,30,2,4,10,2,5,30,2,6,30,2,7,30,2,8,20,2,9,30,2,10,20,2,11,30,2,12,20,2,13,50,2,14,40,2,15,30,2,16,20,2,17,10,2,18,10,2,19,10,2,20,10,2,21,10,2,22,10,2,23,10,2,24,30,,,,1,1,2,22,25,,,,,,,,,,,,,,,,,,,,,,,,,,,,,,,,,,,,,,,,,,,,,,,,,,,,,,,,,,,,,,,,,,,,,,4,200,350,250,0,5,0,57012,26990,12484,3514
14,3,28,3,30,Event period: <0>/<1> - <2> (<3>)!,S Rank Champion,未使用,1,24,2,1,5,2,2,5,2,3,30,2,4,10,2,5,30,2,6,30,2,7,30,2,8,20,2,9,30,2,10,20,2,11,30,2,12,20,2,13,50,2,14,40,2,15,30,2,16,20,2,17,10,2,18,10,2,19,10,2,20,10,2,21,10,2,22,10,2,23,10,2,24,30,,,,1,1,2,23,25,,,,,,,,,,,,,,,,,,,,,,,,,,,,,,,,,,,,,,,,,,,,,,,,,,,,,,,,,,,,,,,,,,,,,,4,200,350,250,0,5,0,56947,26875,12488,3690
15,4,1,4,3,Event period: <0>/<1> - <2> (<3>)!,S Rank Wizard,未使用,1,24,2,1,5,2,2,5,2,3,30,2,4,10,2,5,30,2,6,30,2,7,30,2,8,20,2,9,30,2,10,20,2,11,30,2,12,20,2,13,50,2,14,40,2,15,30,2,16,20,2,17,10,2,18,10,2,19,10,2,20,10,2,21,10,2,22,10,2,23,10,2,24,30,,,,1,1,2,24,25,,,,,,,,,,,,,,,,,,,,,,,,,,,,,,,,,,,,,,,,,,,,,,,,,,,,,,,,,,,,,,,,,,,,,,4,200,350,250,0,5,0,56744,27101,12447,3708
16,4,8,4,10,Event period: <0>/<1> - <2> (<3>)!,S Rank Monk,未使用,1,24,2,1,5,2,2,5,2,3,30,2,4,10,2,5,30,2,6,30,2,7,30,2,8,20,2,9,30,2,10,20,2,11,30,2,12,20,2,13,50,2,14,40,2,15,30,2,16,20,2,17,10,2,18,10,2,19,10,2,20,10,2,21,10,2,22,10,2,23,10,2,24,30,,,,1,1,2,11,25,,,,,,,,,,,,,,,,,,,,,,,,,,,,,,,,,,,,,,,,,,,,,,,,,,,,,,,,,,,,,,,,,,,,,,4,200,350,250,0,5,0,56868,26992,12495,3645
17,4,15,4,17,Event period: <0>/<1> - <2> (<3>)!,S Rank Samurai,未使用,1,24,2,1,5,2,2,5,2,3,30,2,4,10,2,5,30,2,6,30,2,7,30,2,8,20,2,9,30,2,10,20,2,11,30,2,12,20,2,13,50,2,14,40,2,15,30,2,16,20,2,17,10,2,18,10,2,19,10,2,20,10,2,21,10,2,22,10,2,23,10,2,24,30,,,,1,1,2,20,25,,,,,,,,,,,,,,,,,,,,,,,,,,,,,,,,,,,,,,,,,,,,,,,,,,,,,,,,,,,,,,,,,,,,,,4,200,350,250,0,5,0,56698,27087,12529,3686
18,4,22,4,24,Event period: <0>/<1> - <2> (<3>)!,S Rank Guard,未使用,1,24,2,1,5,2,2,5,2,3,30,2,4,10,2,5,30,2,6,30,2,7,30,2,8,20,2,9,30,2,10,20,2,11,30,2,12,20,2,13,50,2,14,40,2,15,30,2,16,20,2,17,10,2,18,10,2,19,10,2,20,10,2,21,10,2,22,10,2,23,10,2,24,30,,,,1,1,2,13,25,,,,,,,,,,,,,,,,,,,,,,,,,,,,,,,,,,,,,,,,,,,,,,,,,,,,,,,,,,,,,,,,,,,,,,4,200,350,250,0,5,0,56561,27156,12632,3651
19,5,1,5,3,Event period: <0>/<1> - <2> (<3>)!,S Rank Knight,未使用,1,24,2,1,5,2,2,5,2,3,30,2,4,10,2,5,30,2,6,30,2,7,30,2,8,20,2,9,30,2,10,20,2,11,30,2,12,20,2,13,50,2,14,40,2,15,30,2,16,20,2,17,10,2,18,10,2,19,10,2,20,10,2,21,10,2,22,10,2,23,10,2,24,30,,,,1,1,2,14,25,,,,,,,,,,,,,,,,,,,,,,,,,,,,,,,,,,,,,,,,,,,,,,,,,,,,,,,,,,,,,,,,,,,,,,4,200,350,250,0,5,0,56754,26869,12725,3652
20,5,8,5,10,Event period: <0>/<1> - <2> (<3>)!,S Rank Mage,未使用,1,24,2,1,5,2,2,5,2,3,30,2,4,10,2,5,30,2,6,30,2,7,30,2,8,20,2,9,30,2,10,20,2,11,30,2,12,20,2,13,50,2,14,40,2,15,30,2,16,20,2,17,10,2,18,10,2,19,10,2,20,10,2,21,10,2,22,10,2,23,10,2,24,30,,,,1,1,2,15,25,,,,,,,,,,,,,,,,,,,,,,,,,,,,,,,,,,,,,,,,,,,,,,,,,,,,,,,,,,,,,,,,,,,,,,4,200,350,250,0,5,0,57032,26834,12468,3666
21,5,15,5,17,Event period: <0>/<1> - <2> (<3>)!,S Rank Paladin,未使用,1,24,2,1,5,2,2,5,2,3,30,2,4,10,2,5,30,2,6,30,2,7,30,2,8,20,2,9,30,2,10,20,2,11,30,2,12,20,2,13,50,2,14,40,2,15,30,2,16,20,2,17,10,2,18,10,2,19,10,2,20,10,2,21,10,2,22,10,2,23,10,2,24,30,,,,1,1,2,16,25,,,,,,,,,,,,,,,,,,,,,,,,,,,,,,,,,,,,,,,,,,,,,,,,,,,,,,,,,,,,,,,,,,,,,,4,200,350,250,0,5,0,56797,27023,12485,3695
22,5,22,5,24,Event period: <0>/<1> - <2> (<3>)!,S Rank Gunner,未使用,1,24,2,1,5,2,2,5,2,3,30,2,4,10,2,5,30,2,6,30,2,7,30,2,8,20,2,9,30,2,10,20,2,11,30,2,12,20,2,13,50,2,14,40,2,15,30,2,16,20,2,17,10,2,18,10,2,19,10,2,20,10,2,21,10,2,22,10,2,23,10,2,24,30,,,,1,1,2,17,25,,,,,,,,,,,,,,,,,,,,,,,,,,,,,,,,,,,,,,,,,,,,,,,,,,,,,,,,,,,,,,,,,,,,,,4,200,350,250,0,5,0,56887,26952,12502,3659
23,5,28,5,30,Event period: <0>/<1> - <2> (<3>)!,S Rank Archer,未使用,1,24,2,1,5,2,2,5,2,3,30,2,4,10,2,5,30,2,6,30,2,7,30,2,8,20,2,9,30,2,10,20,2,11,30,2,12,20,2,13,50,2,14,40,2,15,30,2,16,20,2,17,10,2,18,10,2,19,10,2,20,10,2,21,10,2,22,10,2,23,10,2,24,30,,,,1,1,2,18,25,,,,,,,,,,,,,,,,,,,,,,,,,,,,,,,,,,,,,,,,,,,,,,,,,,,,,,,,,,,,,,,,,,,,,,4,200,350,250,0,5,0,56962,26848,12556,3634
24,6,1,6,3,Event period: <0>/<1> - <2> (<3>)!,S Rank Ninja,未使用,1,24,2,1,5,2,2,5,2,3,30,2,4,10,2,5,30,2,6,30,2,7,30,2,8,20,2,9,30,2,10,20,2,11,30,2,12,20,2,13,50,2,14,40,2,15,30,2,16,20,2,17,10,2,18,10,2,19,10,2,20,10,2,21,10,2,22,10,2,23,10,2,24,30,,,,1,1,2,19,25,,,,,,,,,,,,,,,,,,,,,,,,,,,,,,,,,,,,,,,,,,,,,,,,,,,,,,,,,,,,,,,,,,,,,,4,200,350,250,0,5,0,56933,26674,12712,3681
25,6,8,6,10,Event period: <0>/<1> - <2> (<3>)!,S Rank Samurai,未使用,1,24,2,1,5,2,2,5,2,3,30,2,4,10,2,5,30,2,6,30,2,7,30,2,8,20,2,9,30,2,10,20,2,11,30,2,12,20,2,13,50,2,14,40,2,15,30,2,16,20,2,17,10,2,18,10,2,19,10,2,20,10,2,21,10,2,22,10,2,23,10,2,24,30,,,,1,1,2,20,25,,,,,,,,,,,,,,,,,,,,,,,,,,,,,,,,,,,,,,,,,,,,,,,,,,,,,,,,,,,,,,,,,,,,,,4,200,350,250,0,5,0,56809,26944,12522,3725
26,6,15,6,17,Event period: <0>/<1> - <2> (<3>)!,S Rank Viking,未使用,1,24,2,1,5,2,2,5,2,3,30,2,4,10,2,5,30,2,6,30,2,7,30,2,8,20,2,9,30,2,10,20,2,11,30,2,12,20,2,13,50,2,14,40,2,15,30,2,16,20,2,17,10,2,18,10,2,19,10,2,20,10,2,21,10,2,22,10,2,23,10,2,24,30,,,,1,1,2,21,25,,,,,,,,,,,,,,,,,,,,,,,,,,,,,,,,,,,,,,,,,,,,,,,,,,,,,,,,,,,,,,,,,,,,,,4,200,350,250,0,5,0,56700,26925,12757,3618
27,6,22,6,24,Event period: <0>/<1> - <2> (<3>)!,S Rank Pirate,未使用,1,24,2,1,5,2,2,5,2,3,30,2,4,10,2,5,30,2,6,30,2,7,30,2,8,20,2,9,30,2,10,20,2,11,30,2,12,20,2,13,50,2,14,40,2,15,30,2,16,20,2,17,10,2,18,10,2,19,10,2,20,10,2,21,10,2,22,10,2,23,10,2,24,30,,,,1,1,2,22,25,,,,,,,,,,,,,,,,,,,,,,,,,,,,,,,,,,,,,,,,,,,,,,,,,,,,,,,,,,,,,,,,,,,,,,4,200,350,250,0,5,0,56963,26892,12503,3642
28,7,1,7,3,Event period: <0>/<1> - <2> (<3>)!,S Rank Champion,未使用,1,24,2,1,5,2,2,5,2,3,30,2,4,10,2,5,30,2,6,30,2,7,30,2,8,20,2,9,30,2,10,20,2,11,30,2,12,20,2,13,50,2,14,40,2,15,30,2,16,20,2,17,10,2,18,10,2,19,10,2,20,10,2,21,10,2,22,10,2,23,10,2,24,30,,,,1,1,2,23,25,,,,,,,,,,,,,,,,,,,,,,,,,,,,,,,,,,,,,,,,,,,,,,,,,,,,,,,,,,,,,,,,,,,,,,4,200,350,250,0,5,0,56905,27150,12310,3635
29,7,8,7,10,Event period: <0>/<1> - <2> (<3>)!,S Rank Wizard,未使用,1,24,2,1,5,2,2,5,2,3,30,2,4,10,2,5,30,2,6,30,2,7,30,2,8,20,2,9,30,2,10,20,2,11,30,2,12,20,2,13,50,2,14,40,2,15,30,2,16,20,2,17,10,2,18,10,2,19,10,2,20,10,2,21,10,2,22,10,2,23,10,2,24,30,,,,1,1,2,24,25,,,,,,,,,,,,,,,,,,,,,,,,,,,,,,,,,,,,,,,,,,,,,,,,,,,,,,,,,,,,,,,,,,,,,,4,200,350,250,0,5,0,56740,27094,12523,3643
30,7,15,7,17,Event period: <0>/<1> - <2> (<3>)!,S Rank Guard,未使用,1,24,2,1,5,2,2,5,2,3,30,2,4,10,2,5,30,2,6,30,2,7,30,2,8,20,2,9,30,2,10,20,2,11,30,2,12,20,2,13,50,2,14,40,2,15,30,2,16,20,2,17,10,2,18,10,2,19,10,2,20,10,2,21,10,2,22,10,2,23,10,2,24,30,,,,1,1,2,13,25,,,,,,,,,,,,,,,,,,,,,,,,,,,,,,,,,,,,,,,,,,,,,,,,,,,,,,,,,,,,,,,,,,,,,,4,200,350,250,0,5,0,57007,26777,12520,3696
31,7,22,7,24,Event period: <0>/<1> - <2> (<3>)!,S Rank Knight,未使用,1,24,2,1,5,2,2,5,2,3,30,2,4,10,2,5,30,2,6,30,2,7,30,2,8,20,2,9,30,2,10,20,2,11,30,2,12,20,2,13,50,2,14,40,2,15,30,2,16,20,2,17,10,2,18,10,2,19,10,2,20,10,2,21,10,2,22,10,2,23,10,2,24,30,,,,1,1,2,14,25,,,,,,,,,,,,,,,,,,,,,,,,,,,,,,,,,,,,,,,,,,,,,,,,,,,,,,,,,,,,,,,,,,,,,,4,200,350,250,0,5,0,56613,27000,12702,3685
32,7,28,7,30,Event period: <0>/<1> - <2> (<3>)!,S Rank Mage,未使用,1,24,2,1,5,2,2,5,2,3,30,2,4,10,2,5,30,2,6,30,2,7,30,2,8,20,2,9,30,2,10,20,2,11,30,2,12,20,2,13,50,2,14,40,2,15,30,2,16,20,2,17,10,2,18,10,2,19,10,2,20,10,2,21,10,2,22,10,2,23,10,2,24,30,,,,1,1,2,15,25,,,,,,,,,,,,,,,,,,,,,,,,,,,,,,,,,,,,,,,,,,,,,,,,,,,,,,,,,,,,,,,,,,,,,,4,200,350,250,0,5,0,56951,26859,12507,3683
33,8,1,8,3,Event period: <0>/<1> - <2> (<3>)!,S Rank Paladin,未使用,1,24,2,1,5,2,2,5,2,3,30,2,4,10,2,5,30,2,6,30,2,7,30,2,8,20,2,9,30,2,10,20,2,11,30,2,12,20,2,13,50,2,14,40,2,15,30,2,16,20,2,17,10,2,18,10,2,19,10,2,20,10,2,21,10,2,22,10,2,23,10,2,24,30,,,,1,1,2,16,25,,,,,,,,,,,,,,,,,,,,,,,,,,,,,,,,,,,,,,,,,,,,,,,,,,,,,,,,,,,,,,,,,,,,,,4,200,350,250,0,5,0,56680,26981,12595,3744
34,8,8,8,10,Event period: <0>/<1> - <2> (<3>)!,S Rank Gunner,未使用,1,24,2,1,5,2,2,5,2,3,30,2,4,10,2,5,30,2,6,30,2,7,30,2,8,20,2,9,30,2,10,20,2,11,30,2,12,20,2,13,50,2,14,40,2,15,30,2,16,20,2,17,10,2,18,10,2,19,10,2,20,10,2,21,10,2,22,10,2,23,10,2,24,30,,,,1,1,2,17,25,,,,,,,,,,,,,,,,,,,,,,,,,,,,,,,,,,,,,,,,,,,,,,,,,,,,,,,,,,,,,,,,,,,,,,4,200,350,250,0,5,0,56857,26950,12559,3634
35,8,15,8,17,Event period: <0>/<1> - <2> (<3>)!,S Rank Archer,未使用,1,24,2,1,5,2,2,5,2,3,30,2,4,10,2,5,30,2,6,30,2,7,30,2,8,20,2,9,30,2,10,20,2,11,30,2,12,20,2,13,50,2,14,40,2,15,30,2,16,20,2,17,10,2,18,10,2,19,10,2,20,10,2,21,10,2,22,10,2,23,10,2,24,30,,,,1,1,2,18,25,,,,,,,,,,,,,,,,,,,,,,,,,,,,,,,,,,,,,,,,,,,,,,,,,,,,,,,,,,,,,,,,,,,,,,4,200,350,250,0,5,0,56679,27027,12628,3666
36,8,22,8,24,Event period: <0>/<1> - <2> (<3>)!,S Rank Ninja,未使用,1,24,2,1,5,2,2,5,2,3,30,2,4,10,2,5,30,2,6,30,2,7,30,2,8,20,2,9,30,2,10,20,2,11,30,2,12,20,2,13,50,2,14,40,2,15,30,2,16,20,2,17,10,2,18,10,2,19,10,2,20,10,2,21,10,2,22,10,2,23,10,2,24,30,,,,1,1,2,19,25,,,,,,,,,,,,,,,,,,,,,,,,,,,,,,,,,,,,,,,,,,,,,,,,,,,,,,,,,,,,,,,,,,,,,,4,200,350,250,0,5,0,56795,27081,12547,3577
37,8,28,8,30,Event period: <0>/<1> - <2> (<3>)!,S Rank Samurai,未使用,1,24,2,1,5,2,2,5,2,3,30,2,4,10,2,5,30,2,6,30,2,7,30,2,8,20,2,9,30,2,10,20,2,11,30,2,12,20,2,13,50,2,14,40,2,15,30,2,16,20,2,17,10,2,18,10,2,19,10,2,20,10,2,21,10,2,22,10,2,23,10,2,24,30,,,,1,1,2,20,25,,,,,,,,,,,,,,,,,,,,,,,,,,,,,,,,,,,,,,,,,,,,,,,,,,,,,,,,,,,,,,,,,,,,,,4,200,350,250,0,5,0,56658,27166,12500,3676
38,9,1,9,3,Event period: <0>/<1> - <2> (<3>)!,S Rank Viking,未使用,1,24,2,1,5,2,2,5,2,3,30,2,4,10,2,5,30,2,6,30,2,7,30,2,8,20,2,9,30,2,10,20,2,11,30,2,12,20,2,13,50,2,14,40,2,15,30,2,16,20,2,17,10,2,18,10,2,19,10,2,20,10,2,21,10,2,22,10,2,23,10,2,24,30,,,,1,1,2,21,25,,,,,,,,,,,,,,,,,,,,,,,,,,,,,,,,,,,,,,,,,,,,,,,,,,,,,,,,,,,,,,,,,,,,,,4,200,350,250,0,5,0,56864,27025,12486,3625
39,9,8,9,10,Event period: <0>/<1> - <2> (<3>)!,S Rank Pirate,未使用,1,24,2,1,5,2,2,5,2,3,30,2,4,10,2,5,30,2,6,30,2,7,30,2,8,20,2,9,30,2,10,20,2,11,30,2,12,20,2,13,50,2,14,40,2,15,30,2,16,20,2,17,10,2,18,10,2,19,10,2,20,10,2,21,10,2,22,10,2,23,10,2,24,30,,,,1,1,2,22,25,,,,,,,,,,,,,,,,,,,,,,,,,,,,,,,,,,,,,,,,,,,,,,,,,,,,,,,,,,,,,,,,,,,,,,4,200,350,250,0,5,0,56999,26994,12456,3551
40,9,15,9,17,Event period: <0>/<1> - <2> (<3>)!,S Rank Champion,未使用,1,24,2,1,5,2,2,5,2,3,30,2,4,10,2,5,30,2,6,30,2,7,30,2,8,20,2,9,30,2,10,20,2,11,30,2,12,20,2,13,50,2,14,40,2,15,30,2,16,20,2,17,10,2,18,10,2,19,10,2,20,10,2,21,10,2,22,10,2,23,10,2,24,30,,,,1,1,2,23,25,,,,,,,,,,,,,,,,,,,,,,,,,,,,,,,,,,,,,,,,,,,,,,,,,,,,,,,,,,,,,,,,,,,,,,4,200,350,250,0,5,0,56803,26931,12605,3661
41,9,22,9,24,Event period: <0>/<1> - <2> (<3>)!,S Rank Wizard,未使用,1,24,2,1,5,2,2,5,2,3,30,2,4,10,2,5,30,2,6,30,2,7,30,2,8,20,2,9,30,2,10,20,2,11,30,2,12,20,2,13,50,2,14,40,2,15,30,2,16,20,2,17,10,2,18,10,2,19,10,2,20,10,2,21,10,2,22,10,2,23,10,2,24,30,,,,1,1,2,24,25,,,,,,,,,,,,,,,,,,,,,,,,,,,,,,,,,,,,,,,,,,,,,,,,,,,,,,,,,,,,,,,,,,,,,,4,200,350,250,0,5,0,56780,26786,12779,3655
42,10,1,10,3,Event period: <0>/<1> - <2> (<3>)!,S Rank Guard,未使用,1,24,2,1,5,2,2,5,2,3,30,2,4,10,2,5,30,2,6,30,2,7,30,2,8,20,2,9,30,2,10,20,2,11,30,2,12,20,2,13,50,2,14,40,2,15,30,2,16,20,2,17,10,2,18,10,2,19,10,2,20,10,2,21,10,2,22,10,2,23,10,2,24,30,,,,1,1,2,13,25,,,,,,,,,,,,,,,,,,,,,,,,,,,,,,,,,,,,,,,,,,,,,,,,,,,,,,,,,,,,,,,,,,,,,,4,200,350,250,0,5,0,56760,27142,12468,3630
43,10,8,10,10,Event period: <0>/<1> - <2> (<3>)!,S Rank Knight,未使用,1,24,2,1,5,2,2,5,2,3,30,2,4,10,2,5,30,2,6,30,2,7,30,2,8,20,2,9,30,2,10,20,2,11,30,2,12,20,2,13,50,2,14,40,2,15,30,2,16,20,2,17,10,2,18,10,2,19,10,2,20,10,2,21,10,2,22,10,2,23,10,2,24,30,,,,1,1,2,14,25,,,,,,,,,,,,,,,,,,,,,,,,,,,,,,,,,,,,,,,,,,,,,,,,,,,,,,,,,,,,,,,,,,,,,,4,200,350,250,0,5,0,56508,27091,12774,3627
44,10,13,10,16,Event period: <0>/<1> - <2> (<3>)!,S Rank Mage,未使用,1,24,2,1,5,2,2,5,2,3,30,2,4,10,2,5,30,2,6,30,2,7,30,2,8,20,2,9,30,2,10,20,2,11,30,2,12,20,2,13,50,2,14,40,2,15,30,2,16,20,2,17,10,2,18,10,2,19,10,2,20,10,2,21,10,2,22,10,2,23,10,2,24,30,,,,1,1,2,15,25,,,,,,,,,,,,,,,,,,,,,,,,,,,,,,,,,,,,,,,,,,,,,,,,,,,,,,,,,,,,,,,,,,,,,,4,200,350,250,0,5,0,57143,26792,12385,3680
45,10,20,10,23,Event period: <0>/<1> - <2> (<3>)!,S Rank Paladin,未使用,1,24,2,1,5,2,2,5,2,3,30,2,4,10,2,5,30,2,6,30,2,7,30,2,8,20,2,9,30,2,10,20,2,11,30,2,12,20,2,13,50,2,14,40,2,15,30,2,16,20,2,17,10,2,18,10,2,19,10,2,20,10,2,21,10,2,22,10,2,23,10,2,24,30,,,,1,1,2,16,25,,,,,,,,,,,,,,,,,,,,,,,,,,,,,,,,,,,,,,,,,,,,,,,,,,,,,,,,,,,,,,,,,,,,,,4,200,350,250,0,5,0,57029,26945,12374,3652
46,10,26,10,30,Event period: <0>/<1> - <2> (<3>)!,S Rank Gunner,未使用,1,24,2,1,5,2,2,5,2,3,30,2,4,10,2,5,30,2,6,30,2,7,30,2,8,20,2,9,30,2,10,20,2,11,30,2,12,20,2,13,50,2,14,40,2,15,30,2,16,20,2,17,10,2,18,10,2,19,10,2,20,10,2,21,10,2,22,10,2,23,10,2,24,30,,,,1,1,2,17,25,,,,,,,,,,,,,,,,,,,,,,,,,,,,,,,,,,,,,,,,,,,,,,,,,,,,,,,,,,,,,,,,,,,,,,4,200,350,250,0,5,0,57056,26686,12582,3676
47,11,1,11,4,Event period: <0>/<1> - <2> (<3>)!,S Rank Archer,未使用,1,24,2,1,5,2,2,5,2,3,30,2,4,10,2,5,30,2,6,30,2,7,30,2,8,20,2,9,30,2,10,20,2,11,30,2,12,20,2,13,50,2,14,40,2,15,30,2,16,20,2,17,10,2,18,10,2,19,10,2,20,10,2,21,10,2,22,10,2,23,10,2,24,30,,,,1,1,2,18,25,,,,,,,,,,,,,,,,,,,,,,,,,,,,,,,,,,,,,,,,,,,,,,,,,,,,,,,,,,,,,,,,,,,,,,4,200,350,250,0,5,0,56771,26942,12612,3675
48,11,8,11,11,Event period: <0>/<1> - <2> (<3>)!,S Rank Ninja,未使用,1,24,2,1,5,2,2,5,2,3,30,2,4,10,2,5,30,2,6,30,2,7,30,2,8,20,2,9,30,2,10,20,2,11,30,2,12,20,2,13,50,2,14,40,2,15,30,2,16,20,2,17,10,2,18,10,2,19,10,2,20,10,2,21,10,2,22,10,2,23,10,2,24,30,,,,1,1,2,19,25,,,,,,,,,,,,,,,,,,,,,,,,,,,,,,,,,,,,,,,,,,,,,,,,,,,,,,,,,,,,,,,,,,,,,,4,200,350,250,0,5,0,56914,27066,12248,3772
49,11,16,11,18,Event period: <0>/<1> - <2> (<3>)!,S Rank Samurai,未使用,1,24,2,1,5,2,2,5,2,3,30,2,4,10,2,5,30,2,6,30,2,7,30,2,8,20,2,9,30,2,10,20,2,11,30,2,12,20,2,13,50,2,14,40,2,15,30,2,16,20,2,17,10,2,18,10,2,19,10,2,20,10,2,21,10,2,22,10,2,23,10,2,24,30,,,,1,1,2,20,25,,,,,,,,,,,,,,,,,,,,,,,,,,,,,,,,,,,,,,,,,,,,,,,,,,,,,,,,,,,,,,,,,,,,,,4,200,350,250,0,5,0,56845,26877,12610,3668
50,11,23,11,25,Event period: <0>/<1> - <2> (<3>)!,S Rank Viking,未使用,1,24,2,1,5,2,2,5,2,3,30,2,4,10,2,5,30,2,6,30,2,7,30,2,8,20,2,9,30,2,10,20,2,11,30,2,12,20,2,13,50,2,14,40,2,15,30,2,16,20,2,17,10,2,18,10,2,19,10,2,20,10,2,21,10,2,22,10,2,23,10,2,24,30,,,,1,1,2,21,25,,,,,,,,,,,,,,,,,,,,,,,,,,,,,,,,,,,,,,,,,,,,,,,,,,,,,,,,,,,,,,,,,,,,,,4,200,350,250,0,5,0,56762,27206,12475,3557
51,12,2,12,4,Event period: <0>/<1> - <2> (<3>)!,S Rank Pirate,未使用,1,24,2,1,5,2,2,5,2,3,30,2,4,10,2,5,30,2,6,30,2,7,30,2,8,20,2,9,30,2,10,20,2,11,30,2,12,20,2,13,50,2,14,40,2,15,30,2,16,20,2,17,10,2,18,10,2,19,10,2,20,10,2,21,10,2,22,10,2,23,10,2,24,30,,,,1,1,2,22,25,,,,,,,,,,,,,,,,,,,,,,,,,,,,,,,,,,,,,,,,,,,,,,,,,,,,,,,,,,,,,,,,,,,,,,4,200,350,250,0,5,0,56925,26889,12582,3604
52,12,7,12,9,Event period: <0>/<1> - <2> (<3>)!,S Rank Champion,未使用,1,24,2,1,5,2,2,5,2,3,30,2,4,10,2,5,30,2,6,30,2,7,30,2,8,20,2,9,30,2,10,20,2,11,30,2,12,20,2,13,50,2,14,40,2,15,30,2,16,20,2,17,10,2,18,10,2,19,10,2,20,10,2,21,10,2,22,10,2,23,10,2,24,30,,,,1,1,2,23,25,,,,,,,,,,,,,,,,,,,,,,,,,,,,,,,,,,,,,,,,,,,,,,,,,,,,,,,,,,,,,,,,,,,,,,4,200,350,250,0,5,0,56805,26921,12550,3724
53,12,14,12,16,Event period: <0>/<1> - <2> (<3>)!,S Rank Wizard,未使用,1,24,2,1,5,2,2,5,2,3,30,2,4,10,2,5,30,2,6,30,2,7,30,2,8,20,2,9,30,2,10,20,2,11,30,2,12,20,2,13,50,2,14,40,2,15,30,2,16,20,2,17,10,2,18,10,2,19,10,2,20,10,2,21,10,2,22,10,2,23,10,2,24,30,,,,1,1,2,24,25,,,,,,,,,,,,,,,,,,,,,,,,,,,,,,,,,,,,,,,,,,,,,,,,,,,,,,,,,,,,,,,,,,,,,,4,200,350,250,0,5,0,57035,26830,12391,3744
54,12,21,12,24,Event period: <0>/<1> - <2> (<3>)!,S Rank Guard,未使用,1,24,2,1,5,2,2,5,2,3,30,2,4,10,2,5,30,2,6,30,2,7,30,2,8,20,2,9,30,2,10,20,2,11,30,2,12,20,2,13,50,2,14,40,2,15,30,2,16,20,2,17,10,2,18,10,2,19,10,2,20,10,2,21,10,2,22,10,2,23,10,2,24,30,,,,1,1,2,13,25,,,,,,,,,,,,,,,,,,,,,,,,,,,,,,,,,,,,,,,,,,,,,,,,,,,,,,,,,,,,,,,,,,,,,,4,200,350,250,0,5,0,56772,27020,12490,3718
55,12,28,12,31,Event period: <0>/<1> - <2> (<3>)!,S Rank Knight,未使用,1,24,2,1,5,2,2,5,2,3,30,2,4,10,2,5,30,2,6,30,2,7,30,2,8,20,2,9,30,2,10,20,2,11,30,2,12,20,2,13,50,2,14,40,2,15,30,2,16,20,2,17,10,2,18,10,2,19,10,2,20,10,2,21,10,2,22,10,2,23,10,2,24,30,,,,1,1,2,14,25,,,,,,,,,,,,,,,,,,,,,,,,,,,,,,,,,,,,,,,,,,,,,,,,,,,,,,,,,,,,,,,,,,,,,,4,200,350,250,0,5,0,56887,26988,12479,3646
56,12,1,12,1,S Rank jobs appear today!,Not used,未使用,1,24,2,1,5,2,2,5,2,3,30,2,4,10,2,5,30,2,6,30,2,7,30,2,8,20,2,9,30,2,10,20,2,11,30,2,12,20,2,13,50,2,14,40,2,15,30,2,16,20,2,17,10,2,18,10,2,19,10,2,20,10,2,21,10,2,22,10,2,23,10,2,24,30,,,,1,24,2,1,3,2,2,3,2,3,3,2,4,3,2,5,3,2,6,3,2,7,3,2,8,3,2,9,3,2,10,3,2,11,3,2,12,3,2,13,4,2,14,4,2,15,4,2,16,4,2,17,4,2,18,4,2,19,4,2,20,4,2,21,4,2,22,4,2,23,4,2,24,4,4,200,350,250,0,5,0,52335,25040,11719,10906
57,1,1,1,1,S Rank jobs appear today!,Not used,未使用,1,24,2,1,5,2,2,5,2,3,30,2,4,10,2,5,30,2,6,30,2,7,30,2,8,20,2,9,30,2,10,20,2,11,30,2,12,20,2,13,50,2,14,40,2,15,30,2,16,20,2,17,10,2,18,10,2,19,10,2,20,10,2,21,10,2,22,10,2,23,10,2,24,30,,,,1,24,2,1,3,2,2,3,2,3,3,2,4,3,2,5,3,2,6,3,2,7,3,2,8,3,2,9,3,2,10,3,2,11,3,2,12,3,2,13,4,2,14,4,2,15,4,2,16,4,2,17,4,2,18,4,2,19,4,2,20,4,2,21,4,2,22,4,2,23,4,2,24,4,4,200,350,250,0,5,0,52683,25054,11524,10739
58,12,25,12,25,Event period: <0>/<1> - <2> (<3>)!,S Rank Santa Claus,未使用,1,25,2,1,5,2,2,5,2,3,30,2,4,10,2,5,30,2,6,30,2,7,30,2,8,20,2,9,30,2,10,20,2,11,30,2,12,20,2,13,50,2,14,40,2,15,30,2,16,20,2,17,10,2,18,10,2,19,10,2,20,10,2,21,10,2,22,10,2,23,10,2,24,30,2,26,30,1,1,2,26,30,,,,,,,,,,,,,,,,,,,,,,,,,,,,,,,,,,,,,,,,,,,,,,,,,,,,,,,,,,,,,,,,,,,,,,4,200,350,250,0,5,0,56448,26780,12533,4239
59,2,24,2,24,S Rank jobs appear today!,Not used,未使用,1,24,2,1,5,2,2,5,2,3,30,2,4,10,2,5,30,2,6,30,2,7,30,2,8,20,2,9,30,2,10,20,2,11,30,2,12,20,2,13,50,2,14,40,2,15,30,2,16,20,2,17,10,2,18,10,2,19,10,2,20,10,2,21,10,2,22,10,2,23,10,2,24,30,,,,1,24,2,1,3,2,2,3,2,3,3,2,4,3,2,5,3,2,6,3,2,7,3,2,8,3,2,9,3,2,10,3,2,11,3,2,12,3,2,13,4,2,14,4,2,15,4,2,16,4,2,17,4,2,18,4,2,19,4,2,20,4,2,21,4,2,22,4,2,23,4,2,24,4,4,200,350,250,0,5,0,52685,24982,11622,10711
60,4,1,4,1,S Rank jobs appear today!,Not used,未使用,1,24,2,1,5,2,2,5,2,3,30,2,4,10,2,5,30,2,6,30,2,7,30,2,8,20,2,9,30,2,10,20,2,11,30,2,12,20,2,13,50,2,14,40,2,15,30,2,16,20,2,17,10,2,18,10,2,19,10,2,20,10,2,21,10,2,22,10,2,23,10,2,24,30,,,,1,24,2,1,3,2,2,3,2,3,3,2,4,3,2,5,3,2,6,3,2,7,3,2,8,3,2,9,3,2,10,3,2,11,3,2,12,3,2,13,4,2,14,4,2,15,4,2,16,4,2,17,4,2,18,4,2,19,4,2,20,4,2,21,4,2,22,4,2,23,4,2,24,4,4,200,350,250,0,5,0,52510,24900,11682,10908
61,5,4,5,4,S Rank jobs appear today!,Not used,未使用,1,24,2,1,5,2,2,5,2,3,30,2,4,10,2,5,30,2,6,30,2,7,30,2,8,20,2,9,30,2,10,20,2,11,30,2,12,20,2,13,50,2,14,40,2,15,30,2,16,20,2,17,10,2,18,10,2,19,10,2,20,10,2,21,10,2,22,10,2,23,10,2,24,30,,,,1,24,2,1,3,2,2,3,2,3,3,2,4,3,2,5,3,2,6,3,2,7,3,2,8,3,2,9,3,2,10,3,2,11,3,2,12,3,2,13,4,2,14,4,2,15,4,2,16,4,2,17,4,2,18,4,2,19,4,2,20,4,2,21,4,2,22,4,2,23,4,2,24,4,4,200,350,250,0,5,0,52565,25257,11547,10631
62,6,1,6,1,S Rank jobs appear today!,Not used,未使用,1,24,2,1,5,2,2,5,2,3,30,2,4,10,2,5,30,2,6,30,2,7,30,2,8,20,2,9,30,2,10,20,2,11,30,2,12,20,2,13,50,2,14,40,2,15,30,2,16,20,2,17,10,2,18,10,2,19,10,2,20,10,2,21,10,2,22,10,2,23,10,2,24,30,,,,1,24,2,1,3,2,2,3,2,3,3,2,4,3,2,5,3,2,6,3,2,7,3,2,8,3,2,9,3,2,10,3,2,11,3,2,12,3,2,13,4,2,14,4,2,15,4,2,16,4,2,17,4,2,18,4,2,19,4,2,20,4,2,21,4,2,22,4,2,23,4,2,24,4,4,200,350,250,0,5,0,52773,24889,11581,10757
63,7,1,7,1,S Rank jobs appear today!,Not used,未使用,1,24,2,1,5,2,2,5,2,3,30,2,4,10,2,5,30,2,6,30,2,7,30,2,8,20,2,9,30,2,10,20,2,11,30,2,12,20,2,13,50,2,14,40,2,15,30,2,16,20,2,17,10,2,18,10,2,19,10,2,20,10,2,21,10,2,22,10,2,23,10,2,24,30,,,,1,24,2,1,3,2,2,3,2,3,3,2,4,3,2,5,3,2,6,3,2,7,3,2,8,3,2,9,3,2,10,3,2,11,3,2,12,3,2,13,4,2,14,4,2,15,4,2,16,4,2,17,4,2,18,4,2,19,4,2,20,4,2,21,4,2,22,4,2,23,4,2,24,4,4,200,350,250,0,5,0,52485,24993,11643,10879
64,8,3,8,3,S Rank jobs appear today!,Not used,未使用,1,24,2,1,5,2,2,5,2,3,30,2,4,10,2,5,30,2,6,30,2,7,30,2,8,20,2,9,30,2,10,20,2,11,30,2,12,20,2,13,50,2,14,40,2,15,30,2,16,20,2,17,10,2,18,10,2,19,10,2,20,10,2,21,10,2,22,10,2,23,10,2,24,30,,,,1,24,2,1,3,2,2,3,2,3,3,2,4,3,2,5,3,2,6,3,2,7,3,2,8,3,2,9,3,2,10,3,2,11,3,2,12,3,2,13,4,2,14,4,2,15,4,2,16,4,2,17,4,2,18,4,2,19,4,2,20,4,2,21,4,2,22,4,2,23,4,2,24,4,4,200,350,250,0,5,0,52469,24971,11688,10872
65,9,1,9,1,S Rank jobs appear today!,Not used,未使用,1,24,2,1,5,2,2,5,2,3,30,2,4,10,2,5,30,2,6,30,2,7,30,2,8,20,2,9,30,2,10,20,2,11,30,2,12,20,2,13,50,2,14,40,2,15,30,2,16,20,2,17,10,2,18,10,2,19,10,2,20,10,2,21,10,2,22,10,2,23,10,2,24,30,,,,1,24,2,1,3,2,2,3,2,3,3,2,4,3,2,5,3,2,6,3,2,7,3,2,8,3,2,9,3,2,10,3,2,11,3,2,12,3,2,13,4,2,14,4,2,15,4,2,16,4,2,17,4,2,18,4,2,19,4,2,20,4,2,21,4,2,22,4,2,23,4,2,24,4,4,200,350,250,0,5,0,52411,25186,11490,10913
66,10,1,10,1,S Rank jobs appear today!,Not used,未使用,1,24,2,1,5,2,2,5,2,3,30,2,4,10,2,5,30,2,6,30,2,7,30,2,8,20,2,9,30,2,10,20,2,11,30,2,12,20,2,13,50,2,14,40,2,15,30,2,16,20,2,17,10,2,18,10,2,19,10,2,20,10,2,21,10,2,22,10,2,23,10,2,24,30,,,,1,24,2,1,3,2,2,3,2,3,3,2,4,3,2,5,3,2,6,3,2,7,3,2,8,3,2,9,3,2,10,3,2,11,3,2,12,3,2,13,4,2,14,4,2,15,4,2,16,4,2,17,4,2,18,4,2,19,4,2,20,4,2,21,4,2,22,4,2,23,4,2,24,4,4,200,350,250,0,5,0,52495,24803,11880,10822
67,11,2,11,2,S Rank jobs appear today!,Not used,未使用,1,24,2,1,5,2,2,5,2,3,30,2,4,10,2,5,30,2,6,30,2,7,30,2,8,20,2,9,30,2,10,20,2,11,30,2,12,20,2,13,50,2,14,40,2,15,30,2,16,20,2,17,10,2,18,10,2,19,10,2,20,10,2,21,10,2,22,10,2,23,10,2,24,30,,,,1,24,2,1,3,2,2,3,2,3,3,2,4,3,2,5,3,2,6,3,2,7,3,2,8,3,2,9,3,2,10,3,2,11,3,2,12,3,2,13,4,2,14,4,2,15,4,2,16,4,2,17,4,2,18,4,2,19,4,2,20,4,2,21,4,2,22,4,2,23,4,2,24,4,4,200,350,250,0,5,0,52570,25035,11601,10794