,onceLimit,termScript,execScript,,,,,,,,,,,,,,,,,,,,,,,,,,,,,,,,,,,,,,
0,1,0,1,2,31,11,,,,,,,,,,,,,,,,,,,,,,,,,,,,,,,,,,,
1,1,0,1,2,31,12,,,,,,,,,,,,,,,,,,,,,,,,,,,,,,,,,,,
2,1,0,1,2,31,13,,,,,,,,,,,,,,,,,,,,,,,,,,,,,,,,,,,
3,0,0,1,2,31,14,,,,,,,,,,,,,,,,,,,,,,,,,,,,,,,,,,,
4,0,0,1,2,31,14,,,,,,,,,,,,,,,,,,,,,,,,,,,,,,,,,,,
5,0,0,1,2,31,14,,,,,,,,,,,,,,,,,,,,,,,,,,,,,,,,,,,
6,0,0,1,2,31,14,,,,,,,,,,,,,,,,,,,,,,,,,,,,,,,,,,,
7,0,0,1,2,31,14,,,,,,,,,,,,,,,,,,,,,,,,,,,,,,,,,,,
8,1,0,1,2,31,15,,,,,,,,,,,,,,,,,,,,,,,,,,,,,,,,,,,
9,1,0,1,2,31,16,,,,,,,,,,,,,,,,,,,,,,,,,,,,,,,,,,,
10,1,0,1,2,31,17,,,,,,,,,,,,,,,,,,,,,,,,,,,,,,,,,,,
11,1,0,1,2,31,18,,,,,,,,,,,,,,,,,,,,,,,,,,,,,,,,,,,
12,1,0,1,2,31,19,,,,,,,,,,,,,,,,,,,,,,,,,,,,,,,,,,,
13,1,0,1,2,31,20,,,,,,,,,,,,,,,,,,,,,,,,,,,,,,,,,,,
14,1,0,1,2,31,21,,,,,,,,,,,,,,,,,,,,,,,,,,,,,,,,,,,
15,1,0,1,2,31,22,,,,,,,,,,,,,,,,,,,,,,,,,,,,,,,,,,,
16,1,0,1,2,31,23,,,,,,,,,,,,,,,,,,,,,,,,,,,,,,,,,,,
17,1,0,1,2,31,24,,,,,,,,,,,,,,,,,,,,,,,,,,,,,,,,,,,
18,1,0,1,2,31,25,,,,,,,,,,,,,,,,,,,,,,,,,,,,,,,,,,,
19,1,0,1,2,31,26,,,,,,,,,,,,,,,,,,,,,,,,,,,,,,,,,,,
20,0,0,1,2,32,1,,,,,,,,,,,,,,,,,,,,,,,,,,,,,,,,,,,
21,0,0,1,3,41,0,3,,,,,,,,,,,,,,,,,,,,,,,,,,,,,,,,,,
22,0,0,1,2,32,1,,,,,,,,,,,,,,,,,,,,,,,,,,,,,,,,,,,
23,0,0,1,2,32,1,,,,,,,,,,,,,,,,,,,,,,,,,,,,,,,,,,,
24,1,0,1,2,31,27,,,,,,,,,,,,,,,,,,,,,,,,,,,,,,,,,,,
25,0,0,1,2,31,14,,,,,,,,,,,,,,,,,,,,,,,,,,,,,,,,,,,
26,1,0,1,2,31,28,,,,,,,,,,,,,,,,,,,,,,,,,,,,,,,,,,,
27,1,0,1,2,31,29,,,,,,,,,,,,,,,,,,,,,,,,,,,,,,,,,,,
28,1,0,1,2,31,30,,,,,,,,,,,,,,,,,,,,,,,,,,,,,,,,,,,
29,0,0,1,2,31,133,,,,,,,,,,,,,,,,,,,,,,,,,,,,,,,,,,,
30,0,0,1,2,31,134,,,,,,,,,,,,,,,,,,,,,,,,,,,,,,,,,,,
31,0,0,1,2,31,135,,,,,,,,,,,,,,,,,,,,,,,,,,,,,,,,,,,
32,0,0,1,2,31,136,,,,,,,,,,,,,,,,,,,,,,,,,,,,,,,,,,,
33,0,0,1,2,31,137,,,,,,,,,,,,,,,,,,,,,,,,,,,,,,,,,,,
35,0,0,1,2,31,138,,,,,,,,,,,,,,,,,,,,,,,,,,,,,,,,,,,
36,0,0,1,2,31,139,,,,,,,,,,,,,,,,,,,,,,,,,,,,,,,,,,,
37,0,0,1,2,31,140,,,,,,,,,,,,,,,,,,,,,,,,,,,,,,,,,,,
38,0,0,1,2,31,141,,,,,,,,,,,,,,,,,,,,,,,,,,,,,,,,,,,
39,0,0,1,2,31,142,,,,,,,,,,,,,,,,,,,,,,,,,,,,,,,,,,,
40,0,0,1,2,31,143,,,,,,,,,,,,,,,,,,,,,,,,,,,,,,,,,,,
41,0,0,1,2,31,144,,,,,,,,,,,,,,,,,,,,,,,,,,,,,,,,,,,
42,0,0,1,2,31,145,,,,,,,,,,,,,,,,,,,,,,,,,,,,,,,,,,,
43,0,0,1,2,31,146,,,,,,,,,,,,,,,,,,,,,,,,,,,,,,,,,,,
44,0,0,1,2,31,147,,,,,,,,,,,,,,,,,,,,,,,,,,,,,,,,,,,
45,0,0,1,2,31,148,,,,,,,,,,,,,,,,,,,,,,,,,,,,,,,,,,,
46,1,0,1,2,31,149,,,,,,,,,,,,,,,,,,,,,,,,,,,,,,,,,,,
47,0,0,1,2,31,150,,,,,,,,,,,,,,,,,,,,,,,,,,,,,,,,,,,
48,0,0,1,2,31,151,,,,,,,,,,,,,,,,,,,,,,,,,,,,,,,,,,,
49,0,0,1,2,31,152,,,,,,,,,,,,,,,,,,,,,,,,,,,,,,,,,,,
50,0,0,1,2,31,153,,,,,,,,,,,,,,,,,,,,,,,,,,,,,,,,,,,
51,0,0,1,2,31,154,,,,,,,,,,,,,,,,,,,,,,,,,,,,,,,,,,,
52,0,0,1,2,31,155,,,,,,,,,,,,,,,,,,,,,,,,,,,,,,,,,,,
53,0,0,1,2,31,156,,,,,,,,,,,,,,,,,,,,,,,,,,,,,,,,,,,
54,0,0,1,2,31,157,,,,,,,,,,,,,,,,,,,,,,,,,,,,,,,,,,,
55,0,0,1,2,31,158,,,,,,,,,,,,,,,,,,,,,,,,,,,,,,,,,,,
56,1,0,1,2,31,159,,,,,,,,,,,,,,,,,,,,,,,,,,,,,,,,,,,
57,1,0,1,2,31,160,,,,,,,,,,,,,,,,,,,,,,,,,,,,,,,,,,,
58,1,0,1,2,31,161,,,,,,,,,,,,,,,,,,,,,,,,,,,,,,,,,,,
59,1,0,1,2,31,162,,,,,,,,,,,,,,,,,,,,,,,,,,,,,,,,,,,
60,1,0,1,2,31,163,,,,,,,,,,,,,,,,,,,,,,,,,,,,,,,,,,,
61,1,0,1,2,31,350,,,,,,,,,,,,,,,,,,,,,,,,,,,,,,,,,,,
62,1,0,1,2,31,351,,,,,,,,,,,,,,,,,,,,,,,,,,,,,,,,,,,
63,1,0,1,2,31,352,,,,,,,,,,,,,,,,,,,,,,,,,,,,,,,,,,,
64,1,0,1,2,31,353,,,,,,,,,,,,,,,,,,,,,,,,,,,,,,,,,,,
65,1,0,1,2,31,354,,,,,,,,,,,,,,,,,,,,,,,,,,,,,,,,,,,
66,1,0,1,2,31,355,,,,,,,,,,,,,,,,,,,,,,,,,,,,,,,,,,,
67,1,0,1,2,31,356,,,,,,,,,,,,,,,,,,,,,,,,,,,,,,,,,,,
68,1,0,1,2,31,357,,,,,,,,,,,,,,,,,,,,,,,,,,,,,,,,,,,
69,1,0,1,2,31,358,,,,,,,,,,,,,,,,,,,,,,,,,,,,,,,,,,,
70,1,0,1,2,31,359,,,,,,,,,,,,,,,,,,,,,,,,,,,,,,,,,,,
71,1,0,1,2,31,360,,,,,,,,,,,,,,,,,,,,,,,,,,,,,,,,,,,
72,1,0,1,2,31,361,,,,,,,,,,,,,,,,,,,,,,,,,,,,,,,,,,,
73,1,0,1,2,31,362,,,,,,,,,,,,,,,,,,,,,,,,,,,,,,,,,,,
74,1,0,1,2,31,363,,,,,,,,,,,,,,,,,,,,,,,,,,,,,,,,,,,
75,0,0,1,2,31,164,,,,,,,,,,,,,,,,,,,,,,,,,,,,,,,,,,,
76,0,0,1,2,32,5,,,,,,,,,,,,,,,,,,,,,,,,,,,,,,,,,,,
77,0,0,4,2,32,100,2,31,165,2,32,2,2,6,200,,,,,,,,,,,,,,,,,,,,,,,,,,
78,0,0,4,2,32,100,2,31,166,2,32,2,2,6,100,,,,,,,,,,,,,,,,,,,,,,,,,,
79,1,0,2,2,32,20,2,31,167,,,,,,,,,,,,,,,,,,,,,,,,,,,,,,,,
80,0,0,3,2,31,168,2,32,1,2,6,400,,,,,,,,,,,,,,,,,,,,,,,,,,,,,
81,1,0,1,2,31,169,,,,,,,,,,,,,,,,,,,,,,,,,,,,,,,,,,,
82,1,0,1,2,31,170,,,,,,,,,,,,,,,,,,,,,,,,,,,,,,,,,,,
83,1,0,13,2,42,1,2,31,171,2,31,172,2,31,173,2,31,174,2,31,175,2,31,176,2,31,177,1,43,2,32,1,2,34,8,2,32,1,2,31,178
84,1,0,1,2,31,179,,,,,,,,,,,,,,,,,,,,,,,,,,,,,,,,,,,
85,1,0,1,2,31,180,,,,,,,,,,,,,,,,,,,,,,,,,,,,,,,,,,,
86,1,0,1,2,31,181,,,,,,,,,,,,,,,,,,,,,,,,,,,,,,,,,,,
87,1,0,1,2,31,182,,,,,,,,,,,,,,,,,,,,,,,,,,,,,,,,,,,
88,1,0,1,2,31,183,,,,,,,,,,,,,,,,,,,,,,,,,,,,,,,,,,,
89,1,0,1,2,31,184,,,,,,,,,,,,,,,,,,,,,,,,,,,,,,,,,,,
90,1,0,1,2,31,364,,,,,,,,,,,,,,,,,,,,,,,,,,,,,,,,,,,
91,1,0,1,2,31,365,,,,,,,,,,,,,,,,,,,,,,,,,,,,,,,,,,,
92,1,0,1,2,31,366,,,,,,,,,,,,,,,,,,,,,,,,,,,,,,,,,,,
93,1,0,1,2,31,367,,,,,,,,,,,,,,,,,,,,,,,,,,,,,,,,,,,
94,1,0,4,2,31,185,2,32,10,4,35,58,1,1,2,31,186,,,,,,,,,,,,,,,,,,,,,,,,
95,1,0,1,2,31,187,,,,,,,,,,,,,,,,,,,,,,,,,,,,,,,,,,,
96,1,0,1,2,31,188,,,,,,,,,,,,,,,,,,,,,,,,,,,,,,,,,,,
97,1,0,3,2,31,189,3,11,5,1,2,31,190,,,,,,,,,,,,,,,,,,,,,,,,,,,,
98,1,0,1,2,31,191,,,,,,,,,,,,,,,,,,,,,,,,,,,,,,,,,,,
99,1,0,1,2,31,192,,,,,,,,,,,,,,,,,,,,,,,,,,,,,,,,,,,
100,1,0,1,2,31,193,,,,,,,,,,,,,,,,,,,,,,,,,,,,,,,,,,,
101,1,0,1,2,31,194,,,,,,,,,,,,,,,,,,,,,,,,,,,,,,,,,,,
102,1,0,1,2,31,195,,,,,,,,,,,,,,,,,,,,,,,,,,,,,,,,,,,
103,1,0,1,2,31,196,,,,,,,,,,,,,,,,,,,,,,,,,,,,,,,,,,,
104,1,0,1,2,31,197,,,,,,,,,,,,,,,,,,,,,,,,,,,,,,,,,,,
150,0,1,3,5,1,2,5,3,86,140,140,2,32,40,1,87,2,32,20,2,33,151,,,,,,,,,,,,,,,,,,,
151,0,0,1,2,32,10,,,,,,,,,,,,,,,,,,,,,,,,,,,,,,,,,,,
152,0,0,5,2,31,0,2,32,10,4,35,58,1,1,2,32,10,2,44,5,,,,,,,,,,,,,,,,,,,,,
153,0,1,3,9,2,1,2,2,32,5,2,44,7,,,,,,,,,,,,,,,,,,,,,,,,,,,,
154,0,0,1,2,32,5,,,,,,,,,,,,,,,,,,,,,,,,,,,,,,,,,,,
155,0,0,1,2,32,5,,,,,,,,,,,,,,,,,,,,,,,,,,,,,,,,,,,
156,0,0,1,2,32,5,,,,,,,,,,,,,,,,,,,,,,,,,,,,,,,,,,,
157,0,0,1,2,32,5,,,,,,,,,,,,,,,,,,,,,,,,,,,,,,,,,,,
158,0,0,1,2,32,5,,,,,,,,,,,,,,,,,,,,,,,,,,,,,,,,,,,
159,0,1,3,15,3,1,7,2,32,50,2,31,2,2,34,7,2,32,1,2,61,100,2,32,1,2,31,10,,,,,,,,,,,,,
160,0,1,3,15,5,1,9,2,32,50,2,31,3,2,34,7,2,32,1,4,23,26,1,3,2,32,1,2,61,100,2,32,1,2,31,10,,,,,
161,0,1,3,15,7,1,7,2,32,50,2,31,4,2,34,7,2,32,1,2,61,100,2,32,1,2,31,10,,,,,,,,,,,,,
162,0,1,3,15,10,1,9,2,32,50,2,31,5,2,34,7,2,32,1,4,23,26,1,3,2,32,1,2,61,100,2,32,1,2,31,10,,,,,
163,0,1,3,15,15,1,9,2,32,50,2,31,6,2,34,7,2,32,1,4,23,26,1,3,2,32,1,2,61,100,2,32,1,2,31,10,,,,,
164,0,1,3,15,30,1,9,2,32,50,2,31,7,2,34,7,2,32,1,4,23,26,1,3,2,32,1,2,61,100,2,32,1,2,31,10,,,,,
165,0,1,3,15,40,1,7,2,32,50,2,31,8,2,34,7,2,32,1,2,61,100,2,32,1,2,31,10,,,,,,,,,,,,,
166,0,1,3,15,50,1,7,2,32,50,2,31,9,2,34,7,2,32,1,2,61,100,2,32,1,2,31,10,,,,,,,,,,,,,
167,0,1,3,16,999,1,2,2,32,5,2,31,35,,,,,,,,,,,,,,,,,,,,,,,,,,,,
168,0,0,1,2,32,1,,,,,,,,,,,,,,,,,,,,,,,,,,,,,,,,,,,
169,0,1,3,16,50,1,6,2,32,100,2,31,38,2,32,1,2,95,1,2,32,1,2,34,10,,,,,,,,,,,,,,,,
170,0,1,3,16,60,1,6,2,32,100,2,31,38,2,32,1,2,95,2,2,32,1,2,34,10,,,,,,,,,,,,,,,,
171,0,0,1,2,32,1,,,,,,,,,,,,,,,,,,,,,,,,,,,,,,,,,,,
172,0,0,1,2,32,1,,,,,,,,,,,,,,,,,,,,,,,,,,,,,,,,,,,
173,0,1,3,80,15,1,9,2,31,36,2,32,1,4,82,71,1,9,2,32,1,2,6,300,2,32,1,4,23,7,1,3,2,32,1,2,31,37,,,
174,0,0,7,2,31,368,2,32,1,2,6,1000,2,32,1,3,11,14,1,2,32,1,4,81,31,1,3,,,,,,,,,,,,,,
175,0,0,7,2,31,370,2,6,300,4,81,172,1,3,4,81,173,1,3,4,81,174,1,3,4,81,175,1,3,2,31,369,,,,,,,,,
176,0,0,1,2,31,390,,,,,,,,,,,,,,,,,,,,,,,,,,,,,,,,,,,
200,0,0,2,2,32,300,2,33,253,,,,,,,,,,,,,,,,,,,,,,,,,,,,,,,,
201,0,0,2,2,32,300,2,33,254,,,,,,,,,,,,,,,,,,,,,,,,,,,,,,,,
202,0,0,2,2,32,300,2,33,255,,,,,,,,,,,,,,,,,,,,,,,,,,,,,,,,
203,0,0,2,2,32,300,2,33,256,,,,,,,,,,,,,,,,,,,,,,,,,,,,,,,,
204,0,0,2,2,32,300,2,33,257,,,,,,,,,,,,,,,,,,,,,,,,,,,,,,,,
205,0,0,2,2,32,300,2,33,258,,,,,,,,,,,,,,,,,,,,,,,,,,,,,,,,
206,0,0,2,2,32,300,2,33,259,,,,,,,,,,,,,,,,,,,,,,,,,,,,,,,,
207,0,0,2,2,32,300,2,33,260,,,,,,,,,,,,,,,,,,,,,,,,,,,,,,,,
208,0,0,2,2,32,300,2,33,261,,,,,,,,,,,,,,,,,,,,,,,,,,,,,,,,
209,0,0,2,2,32,300,2,33,262,,,,,,,,,,,,,,,,,,,,,,,,,,,,,,,,
210,0,0,2,2,32,300,2,33,263,,,,,,,,,,,,,,,,,,,,,,,,,,,,,,,,
211,0,0,2,2,32,300,2,33,264,,,,,,,,,,,,,,,,,,,,,,,,,,,,,,,,
212,0,0,2,2,32,300,2,33,265,,,,,,,,,,,,,,,,,,,,,,,,,,,,,,,,
213,0,0,2,2,32,300,2,33,266,,,,,,,,,,,,,,,,,,,,,,,,,,,,,,,,
214,0,0,2,2,32,300,2,33,267,,,,,,,,,,,,,,,,,,,,,,,,,,,,,,,,
215,0,0,2,2,32,300,2,33,268,,,,,,,,,,,,,,,,,,,,,,,,,,,,,,,,
216,0,0,2,2,32,300,2,33,269,,,,,,,,,,,,,,,,,,,,,,,,,,,,,,,,
217,0,0,2,2,32,300,2,33,270,,,,,,,,,,,,,,,,,,,,,,,,,,,,,,,,
218,0,0,2,2,32,300,2,33,271,,,,,,,,,,,,,,,,,,,,,,,,,,,,,,,,
219,0,0,2,2,32,100,2,33,272,,,,,,,,,,,,,,,,,,,,,,,,,,,,,,,,
220,0,0,2,2,32,100,2,33,273,,,,,,,,,,,,,,,,,,,,,,,,,,,,,,,,
221,0,0,2,2,32,100,2,33,274,,,,,,,,,,,,,,,,,,,,,,,,,,,,,,,,
222,0,0,2,2,32,100,2,33,275,,,,,,,,,,,,,,,,,,,,,,,,,,,,,,,,
223,0,0,2,2,32,100,2,33,276,,,,,,,,,,,,,,,,,,,,,,,,,,,,,,,,
224,0,0,2,2,32,100,2,33,277,,,,,,,,,,,,,,,,,,,,,,,,,,,,,,,,
225,0,0,2,2,32,100,2,33,278,,,,,,,,,,,,,,,,,,,,,,,,,,,,,,,,
226,0,0,2,2,32,100,2,33,279,,,,,,,,,,,,,,,,,,,,,,,,,,,,,,,,
227,0,0,2,2,32,100,2,33,280,,,,,,,,,,,,,,,,,,,,,,,,,,,,,,,,
228,0,0,2,2,32,100,2,33,281,,,,,,,,,,,,,,,,,,,,,,,,,,,,,,,,
229,0,0,2,2,32,100,2,33,282,,,,,,,,,,,,,,,,,,,,,,,,,,,,,,,,
230,0,0,2,2,32,100,2,33,283,,,,,,,,,,,,,,,,,,,,,,,,,,,,,,,,
231,0,0,2,2,32,100,2,33,284,,,,,,,,,,,,,,,,,,,,,,,,,,,,,,,,
232,0,0,2,2,32,100,2,33,285,,,,,,,,,,,,,,,,,,,,,,,,,,,,,,,,
233,0,0,2,2,32,100,2,33,286,,,,,,,,,,,,,,,,,,,,,,,,,,,,,,,,
234,0,0,2,2,32,100,2,33,287,,,,,,,,,,,,,,,,,,,,,,,,,,,,,,,,
235,0,0,2,2,32,100,2,33,288,,,,,,,,,,,,,,,,,,,,,,,,,,,,,,,,
236,0,0,2,2,32,100,2,33,289,,,,,,,,,,,,,,,,,,,,,,,,,,,,,,,,
237,0,0,2,2,32,100,2,33,290,,,,,,,,,,,,,,,,,,,,,,,,,,,,,,,,
238,0,0,2,2,32,100,2,33,291,,,,,,,,,,,,,,,,,,,,,,,,,,,,,,,,
239,0,0,2,2,32,100,2,33,292,,,,,,,,,,,,,,,,,,,,,,,,,,,,,,,,
240,0,0,2,2,32,100,2,33,293,,,,,,,,,,,,,,,,,,,,,,,,,,,,,,,,
241,0,0,2,2,32,100,2,33,294,,,,,,,,,,,,,,,,,,,,,,,,,,,,,,,,
242,0,0,2,2,32,100,2,33,295,,,,,,,,,,,,,,,,,,,,,,,,,,,,,,,,
243,0,0,2,2,32,100,2,33,296,,,,,,,,,,,,,,,,,,,,,,,,,,,,,,,,
244,0,0,2,2,32,100,2,33,297,,,,,,,,,,,,,,,,,,,,,,,,,,,,,,,,
245,0,0,2,2,32,100,2,33,298,,,,,,,,,,,,,,,,,,,,,,,,,,,,,,,,
246,0,0,2,2,32,100,2,33,299,,,,,,,,,,,,,,,,,,,,,,,,,,,,,,,,
247,0,0,2,2,32,100,2,33,300,,,,,,,,,,,,,,,,,,,,,,,,,,,,,,,,
248,0,0,2,2,32,100,2,33,301,,,,,,,,,,,,,,,,,,,,,,,,,,,,,,,,
249,0,0,2,2,32,100,2,33,302,,,,,,,,,,,,,,,,,,,,,,,,,,,,,,,,
250,0,0,2,2,32,100,2,33,303,,,,,,,,,,,,,,,,,,,,,,,,,,,,,,,,
251,0,0,2,2,32,100,2,33,304,,,,,,,,,,,,,,,,,,,,,,,,,,,,,,,,
252,0,0,2,2,32,100,2,33,305,,,,,,,,,,,,,,,,,,,,,,,,,,,,,,,,
253,0,0,1,2,32,5,,,,,,,,,,,,,,,,,,,,,,,,,,,,,,,,,,,
254,0,0,1,2,32,5,,,,,,,,,,,,,,,,,,,,,,,,,,,,,,,,,,,
255,0,0,1,2,32,5,,,,,,,,,,,,,,,,,,,,,,,,,,,,,,,,,,,
256,0,0,1,2,32,5,,,,,,,,,,,,,,,,,,,,,,,,,,,,,,,,,,,
257,0,0,1,2,32,5,,,,,,,,,,,,,,,,,,,,,,,,,,,,,,,,,,,
258,0,0,1,2,32,5,,,,,,,,,,,,,,,,,,,,,,,,,,,,,,,,,,,
259,0,0,1,2,32,5,,,,,,,,,,,,,,,,,,,,,,,,,,,,,,,,,,,
260,0,0,1,2,32,5,,,,,,,,,,,,,,,,,,,,,,,,,,,,,,,,,,,
261,0,0,1,2,32,5,,,,,,,,,,,,,,,,,,,,,,,,,,,,,,,,,,,
262,0,0,1,2,32,5,,,,,,,,,,,,,,,,,,,,,,,,,,,,,,,,,,,
263,0,0,1,2,32,5,,,,,,,,,,,,,,,,,,,,,,,,,,,,,,,,,,,
264,0,0,1,2,32,5,,,,,,,,,,,,,,,,,,,,,,,,,,,,,,,,,,,
265,0,0,1,2,32,5,,,,,,,,,,,,,,,,,,,,,,,,,,,,,,,,,,,
266,0,0,1,2,32,5,,,,,,,,,,,,,,,,,,,,,,,,,,,,,,,,,,,
267,0,0,1,2,32,5,,,,,,,,,,,,,,,,,,,,,,,,,,,,,,,,,,,
268,0,0,1,2,32,5,,,,,,,,,,,,,,,,,,,,,,,,,,,,,,,,,,,
269,0,0,1,2,32,5,,,,,,,,,,,,,,,,,,,,,,,,,,,,,,,,,,,
270,0,0,1,2,32,5,,,,,,,,,,,,,,,,,,,,,,,,,,,,,,,,,,,
271,0,0,1,2,32,5,,,,,,,,,,,,,,,,,,,,,,,,,,,,,,,,,,,
272,0,0,1,2,32,5,,,,,,,,,,,,,,,,,,,,,,,,,,,,,,,,,,,
273,0,0,1,2,32,5,,,,,,,,,,,,,,,,,,,,,,,,,,,,,,,,,,,
274,0,0,1,2,32,5,,,,,,,,,,,,,,,,,,,,,,,,,,,,,,,,,,,
275,0,0,1,2,32,5,,,,,,,,,,,,,,,,,,,,,,,,,,,,,,,,,,,
276,0,0,1,2,32,5,,,,,,,,,,,,,,,,,,,,,,,,,,,,,,,,,,,
277,0,0,1,2,32,5,,,,,,,,,,,,,,,,,,,,,,,,,,,,,,,,,,,
278,0,0,1,2,32,5,,,,,,,,,,,,,,,,,,,,,,,,,,,,,,,,,,,
279,0,0,1,2,32,5,,,,,,,,,,,,,,,,,,,,,,,,,,,,,,,,,,,
280,0,0,1,2,32,5,,,,,,,,,,,,,,,,,,,,,,,,,,,,,,,,,,,
281,0,0,1,2,32,5,,,,,,,,,,,,,,,,,,,,,,,,,,,,,,,,,,,
282,0,0,1,2,32,5,,,,,,,,,,,,,,,,,,,,,,,,,,,,,,,,,,,
283,0,0,1,2,32,5,,,,,,,,,,,,,,,,,,,,,,,,,,,,,,,,,,,
284,0,0,1,2,32,5,,,,,,,,,,,,,,,,,,,,,,,,,,,,,,,,,,,
285,0,0,1,2,32,5,,,,,,,,,,,,,,,,,,,,,,,,,,,,,,,,,,,
286,0,0,1,2,32,5,,,,,,,,,,,,,,,,,,,,,,,,,,,,,,,,,,,
287,0,0,1,2,32,5,,,,,,,,,,,,,,,,,,,,,,,,,,,,,,,,,,,
288,0,0,1,2,32,5,,,,,,,,,,,,,,,,,,,,,,,,,,,,,,,,,,,
289,0,0,1,2,32,5,,,,,,,,,,,,,,,,,,,,,,,,,,,,,,,,,,,
290,0,0,1,2,32,5,,,,,,,,,,,,,,,,,,,,,,,,,,,,,,,,,,,
291,0,0,1,2,32,5,,,,,,,,,,,,,,,,,,,,,,,,,,,,,,,,,,,
292,0,0,1,2,32,5,,,,,,,,,,,,,,,,,,,,,,,,,,,,,,,,,,,
293,0,0,1,2,32,5,,,,,,,,,,,,,,,,,,,,,,,,,,,,,,,,,,,
294,0,0,1,2,32,5,,,,,,,,,,,,,,,,,,,,,,,,,,,,,,,,,,,
295,0,0,1,2,32,5,,,,,,,,,,,,,,,,,,,,,,,,,,,,,,,,,,,
296,0,0,1,2,32,5,,,,,,,,,,,,,,,,,,,,,,,,,,,,,,,,,,,
297,0,0,1,2,32,5,,,,,,,,,,,,,,,,,,,,,,,,,,,,,,,,,,,
298,0,0,1,2,32,5,,,,,,,,,,,,,,,,,,,,,,,,,,,,,,,,,,,
299,0,0,1,2,32,5,,,,,,,,,,,,,,,,,,,,,,,,,,,,,,,,,,,
300,0,0,1,2,32,5,,,,,,,,,,,,,,,,,,,,,,,,,,,,,,,,,,,
301,0,0,1,2,32,5,,,,,,,,,,,,,,,,,,,,,,,,,,,,,,,,,,,
302,0,0,1,2,32,5,,,,,,,,,,,,,,,,,,,,,,,,,,,,,,,,,,,
303,0,0,1,2,32,5,,,,,,,,,,,,,,,,,,,,,,,,,,,,,,,,,,,
304,0,0,1,2,32,5,,,,,,,,,,,,,,,,,,,,,,,,,,,,,,,,,,,
305,0,0,1,2,32,5,,,,,,,,,,,,,,,,,,,,,,,,,,,,,,,,,,,
306,0,0,2,2,32,100,2,33,319,,,,,,,,,,,,,,,,,,,,,,,,,,,,,,,,
307,0,0,2,2,32,100,2,33,320,,,,,,,,,,,,,,,,,,,,,,,,,,,,,,,,
308,0,0,2,2,32,100,2,33,321,,,,,,,,,,,,,,,,,,,,,,,,,,,,,,,,
309,0,0,2,2,32,100,2,33,322,,,,,,,,,,,,,,,,,,,,,,,,,,,,,,,,
310,0,0,2,2,32,100,2,33,323,,,,,,,,,,,,,,,,,,,,,,,,,,,,,,,,
311,0,0,2,2,32,100,2,33,324,,,,,,,,,,,,,,,,,,,,,,,,,,,,,,,,
312,0,0,2,2,32,100,2,33,325,,,,,,,,,,,,,,,,,,,,,,,,,,,,,,,,
313,0,0,2,2,32,100,2,33,326,,,,,,,,,,,,,,,,,,,,,,,,,,,,,,,,
314,0,0,2,2,32,100,2,33,327,,,,,,,,,,,,,,,,,,,,,,,,,,,,,,,,
315,0,0,2,2,32,100,2,33,328,,,,,,,,,,,,,,,,,,,,,,,,,,,,,,,,
316,0,0,2,2,32,100,2,33,329,,,,,,,,,,,,,,,,,,,,,,,,,,,,,,,,
317,0,0,2,2,32,100,2,33,330,,,,,,,,,,,,,,,,,,,,,,,,,,,,,,,,
318,0,0,2,2,32,100,2,33,331,,,,,,,,,,,,,,,,,,,,,,,,,,,,,,,,
319,0,0,1,2,32,5,,,,,,,,,,,,,,,,,,,,,,,,,,,,,,,,,,,
320,0,0,1,2,32,5,,,,,,,,,,,,,,,,,,,,,,,,,,,,,,,,,,,
321,0,0,1,2,32,5,,,,,,,,,,,,,,,,,,,,,,,,,,,,,,,,,,,
322,0,0,1,2,32,5,,,,,,,,,,,,,,,,,,,,,,,,,,,,,,,,,,,
323,0,0,1,2,32,5,,,,,,,,,,,,,,,,,,,,,,,,,,,,,,,,,,,
324,0,0,1,2,32,5,,,,,,,,,,,,,,,,,,,,,,,,,,,,,,,,,,,
325,0,0,1,2,32,5,,,,,,,,,,,,,,,,,,,,,,,,,,,,,,,,,,,
326,0,0,1,2,32,5,,,,,,,,,,,,,,,,,,,,,,,,,,,,,,,,,,,
327,0,0,1,2,32,5,,,,,,,,,,,,,,,,,,,,,,,,,,,,,,,,,,,
328,0,0,1,2,32,5,,,,,,,,,,,,,,,,,,,,,,,,,,,,,,,,,,,
329,0,0,1,2,32,5,,,,,,,,,,,,,,,,,,,,,,,,,,,,,,,,,,,
330,0,0,1,2,32,5,,,,,,,,,,,,,,,,,,,,,,,,,,,,,,,,,,,
331,0,0,1,2,32,5,,,,,,,,,,,,,,,,,,,,,,,,,,,,,,,,,,,
350,0,0,1,2,31,198,,,,,,,,,,,,,,,,,,,,,,,,,,,,,,,,,,,
351,0,0,1,2,31,199,,,,,,,,,,,,,,,,,,,,,,,,,,,,,,,,,,,
352,0,0,1,2,31,200,,,,,,,,,,,,,,,,,,,,,,,,,,,,,,,,,,,
353,0,0,1,2,31,201,,,,,,,,,,,,,,,,,,,,,,,,,,,,,,,,,,,
354,0,0,1,2,31,202,,,,,,,,,,,,,,,,,,,,,,,,,,,,,,,,,,,
355,0,0,1,2,31,203,,,,,,,,,,,,,,,,,,,,,,,,,,,,,,,,,,,
356,0,0,1,2,31,204,,,,,,,,,,,,,,,,,,,,,,,,,,,,,,,,,,,
357,0,0,1,2,31,205,,,,,,,,,,,,,,,,,,,,,,,,,,,,,,,,,,,
358,0,0,1,2,31,206,,,,,,,,,,,,,,,,,,,,,,,,,,,,,,,,,,,
359,0,0,1,2,31,207,,,,,,,,,,,,,,,,,,,,,,,,,,,,,,,,,,,
360,0,0,1,2,31,208,,,,,,,,,,,,,,,,,,,,,,,,,,,,,,,,,,,
361,0,0,1,2,31,209,,,,,,,,,,,,,,,,,,,,,,,,,,,,,,,,,,,
362,0,0,1,2,31,210,,,,,,,,,,,,,,,,,,,,,,,,,,,,,,,,,,,
363,0,0,1,2,31,211,,,,,,,,,,,,,,,,,,,,,,,,,,,,,,,,,,,
364,0,0,1,2,31,212,,,,,,,,,,,,,,,,,,,,,,,,,,,,,,,,,,,
365,0,0,1,2,31,213,,,,,,,,,,,,,,,,,,,,,,,,,,,,,,,,,,,
366,0,0,1,2,31,214,,,,,,,,,,,,,,,,,,,,,,,,,,,,,,,,,,,
367,0,0,1,2,31,215,,,,,,,,,,,,,,,,,,,,,,,,,,,,,,,,,,,
368,0,0,1,2,31,216,,,,,,,,,,,,,,,,,,,,,,,,,,,,,,,,,,,
369,0,0,1,2,31,217,,,,,,,,,,,,,,,,,,,,,,,,,,,,,,,,,,,
370,0,0,1,2,31,218,,,,,,,,,,,,,,,,,,,,,,,,,,,,,,,,,,,
371,0,0,1,2,31,219,,,,,,,,,,,,,,,,,,,,,,,,,,,,,,,,,,,
372,0,0,1,2,31,220,,,,,,,,,,,,,,,,,,,,,,,,,,,,,,,,,,,
373,0,0,1,2,31,221,,,,,,,,,,,,,,,,,,,,,,,,,,,,,,,,,,,
374,0,0,1,2,31,222,,,,,,,,,,,,,,,,,,,,,,,,,,,,,,,,,,,
375,0,0,1,2,31,223,,,,,,,,,,,,,,,,,,,,,,,,,,,,,,,,,,,
376,0,0,1,2,31,224,,,,,,,,,,,,,,,,,,,,,,,,,,,,,,,,,,,
377,0,0,1,2,31,225,,,,,,,,,,,,,,,,,,,,,,,,,,,,,,,,,,,
378,0,0,1,2,31,226,,,,,,,,,,,,,,,,,,,,,,,,,,,,,,,,,,,
379,0,0,1,2,31,227,,,,,,,,,,,,,,,,,,,,,,,,,,,,,,,,,,,
380,0,0,1,2,31,228,,,,,,,,,,,,,,,,,,,,,,,,,,,,,,,,,,,
381,0,0,1,2,31,229,,,,,,,,,,,,,,,,,,,,,,,,,,,,,,,,,,,
382,0,0,1,2,31,230,,,,,,,,,,,,,,,,,,,,,,,,,,,,,,,,,,,
383,0,0,1,2,31,231,,,,,,,,,,,,,,,,,,,,,,,,,,,,,,,,,,,
384,0,0,1,2,31,232,,,,,,,,,,,,,,,,,,,,,,,,,,,,,,,,,,,
385,0,0,1,2,31,233,,,,,,,,,,,,,,,,,,,,,,,,,,,,,,,,,,,
386,0,0,1,2,31,234,,,,,,,,,,,,,,,,,,,,,,,,,,,,,,,,,,,
387,0,0,1,2,31,235,,,,,,,,,,,,,,,,,,,,,,,,,,,,,,,,,,,
388,0,0,1,2,31,236,,,,,,,,,,,,,,,,,,,,,,,,,,,,,,,,,,,
389,0,0,1,2,31,237,,,,,,,,,,,,,,,,,,,,,,,,,,,,,,,,,,,
390,0,0,1,2,31,238,,,,,,,,,,,,,,,,,,,,,,,,,,,,,,,,,,,
391,0,0,1,2,31,239,,,,,,,,,,,,,,,,,,,,,,,,,,,,,,,,,,,
392,0,0,1,2,31,240,,,,,,,,,,,,,,,,,,,,,,,,,,,,,,,,,,,
393,0,0,1,2,31,241,,,,,,,,,,,,,,,,,,,,,,,,,,,,,,,,,,,
394,0,0,1,2,31,242,,,,,,,,,,,,,,,,,,,,,,,,,,,,,,,,,,,
395,0,0,1,2,31,243,,,,,,,,,,,,,,,,,,,,,,,,,,,,,,,,,,,
396,0,0,1,2,31,244,,,,,,,,,,,,,,,,,,,,,,,,,,,,,,,,,,,
397,0,0,1,2,31,245,,,,,,,,,,,,,,,,,,,,,,,,,,,,,,,,,,,
398,0,0,1,2,31,246,,,,,,,,,,,,,,,,,,,,,,,,,,,,,,,,,,,
399,0,0,1,2,31,247,,,,,,,,,,,,,,,,,,,,,,,,,,,,,,,,,,,
400,0,0,1,2,31,248,,,,,,,,,,,,,,,,,,,,,,,,,,,,,,,,,,,
401,0,0,1,2,31,249,,,,,,,,,,,,,,,,,,,,,,,,,,,,,,,,,,,
402,0,0,1,2,31,250,,,,,,,,,,,,,,,,,,,,,,,,,,,,,,,,,,,
403,0,0,1,2,31,251,,,,,,,,,,,,,,,,,,,,,,,,,,,,,,,,,,,
404,0,0,1,2,31,252,,,,,,,,,,,,,,,,,,,,,,,,,,,,,,,,,,,
405,0,0,1,2,31,253,,,,,,,,,,,,,,,,,,,,,,,,,,,,,,,,,,,
406,0,0,1,2,31,254,,,,,,,,,,,,,,,,,,,,,,,,,,,,,,,,,,,
407,0,0,1,2,31,255,,,,,,,,,,,,,,,,,,,,,,,,,,,,,,,,,,,
408,0,0,1,2,31,256,,,,,,,,,,,,,,,,,,,,,,,,,,,,,,,,,,,
409,0,0,1,2,31,257,,,,,,,,,,,,,,,,,,,,,,,,,,,,,,,,,,,
410,0,0,1,2,31,258,,,,,,,,,,,,,,,,,,,,,,,,,,,,,,,,,,,
411,0,0,1,2,31,259,,,,,,,,,,,,,,,,,,,,,,,,,,,,,,,,,,,
412,0,0,1,2,31,260,,,,,,,,,,,,,,,,,,,,,,,,,,,,,,,,,,,
413,0,0,1,2,31,261,,,,,,,,,,,,,,,,,,,,,,,,,,,,,,,,,,,
414,0,0,1,2,31,262,,,,,,,,,,,,,,,,,,,,,,,,,,,,,,,,,,,
415,0,0,1,2,31,263,,,,,,,,,,,,,,,,,,,,,,,,,,,,,,,,,,,
416,0,0,1,2,31,264,,,,,,,,,,,,,,,,,,,,,,,,,,,,,,,,,,,
417,0,0,1,2,31,265,,,,,,,,,,,,,,,,,,,,,,,,,,,,,,,,,,,
418,0,0,1,2,31,266,,,,,,,,,,,,,,,,,,,,,,,,,,,,,,,,,,,
419,0,0,1,2,31,267,,,,,,,,,,,,,,,,,,,,,,,,,,,,,,,,,,,
420,0,0,1,2,31,268,,,,,,,,,,,,,,,,,,,,,,,,,,,,,,,,,,,
421,0,0,1,2,31,269,,,,,,,,,,,,,,,,,,,,,,,,,,,,,,,,,,,
422,0,0,1,2,31,270,,,,,,,,,,,,,,,,,,,,,,,,,,,,,,,,,,,
423,0,0,1,2,31,271,,,,,,,,,,,,,,,,,,,,,,,,,,,,,,,,,,,
424,0,0,1,2,31,272,,,,,,,,,,,,,,,,,,,,,,,,,,,,,,,,,,,
425,0,0,1,2,31,273,,,,,,,,,,,,,,,,,,,,,,,,,,,,,,,,,,,
426,0,0,1,2,31,274,,,,,,,,,,,,,,,,,,,,,,,,,,,,,,,,,,,
427,0,0,1,2,31,275,,,,,,,,,,,,,,,,,,,,,,,,,,,,,,,,,,,
428,0,0,1,2,31,276,,,,,,,,,,,,,,,,,,,,,,,,,,,,,,,,,,,
429,0,0,1,2,31,277,,,,,,,,,,,,,,,,,,,,,,,,,,,,,,,,,,,
430,0,0,1,2,31,278,,,,,,,,,,,,,,,,,,,,,,,,,,,,,,,,,,,
431,0,0,1,2,31,279,,,,,,,,,,,,,,,,,,,,,,,,,,,,,,,,,,,
432,0,0,1,2,31,280,,,,,,,,,,,,,,,,,,,,,,,,,,,,,,,,,,,
433,0,0,1,2,31,281,,,,,,,,,,,,,,,,,,,,,,,,,,,,,,,,,,,
434,0,0,1,2,31,282,,,,,,,,,,,,,,,,,,,,,,,,,,,,,,,,,,,
435,0,0,1,2,31,283,,,,,,,,,,,,,,,,,,,,,,,,,,,,,,,,,,,
436,0,0,1,2,31,284,,,,,,,,,,,,,,,,,,,,,,,,,,,,,,,,,,,
437,0,0,1,2,31,285,,,,,,,,,,,,,,,,,,,,,,,,,,,,,,,,,,,
438,0,0,1,2,31,286,,,,,,,,,,,,,,,,,,,,,,,,,,,,,,,,,,,
439,0,0,1,2,31,287,,,,,,,,,,,,,,,,,,,,,,,,,,,,,,,,,,,
440,0,0,1,2,31,288,,,,,,,,,,,,,,,,,,,,,,,,,,,,,,,,,,,
441,0,0,1,2,31,289,,,,,,,,,,,,,,,,,,,,,,,,,,,,,,,,,,,
442,0,0,1,2,31,290,,,,,,,,,,,,,,,,,,,,,,,,,,,,,,,,,,,
443,0,0,1,2,31,291,,,,,,,,,,,,,,,,,,,,,,,,,,,,,,,,,,,
444,0,0,1,2,31,292,,,,,,,,,,,,,,,,,,,,,,,,,,,,,,,,,,,
445,0,0,1,2,31,293,,,,,,,,,,,,,,,,,,,,,,,,,,,,,,,,,,,
446,0,0,1,2,31,294,,,,,,,,,,,,,,,,,,,,,,,,,,,,,,,,,,,
447,0,0,1,2,31,295,,,,,,,,,,,,,,,,,,,,,,,,,,,,,,,,,,,
448,0,0,1,2,31,296,,,,,,,,,,,,,,,,,,,,,,,,,,,,,,,,,,,
449,0,0,1,2,31,297,,,,,,,,,,,,,,,,,,,,,,,,,,,,,,,,,,,
450,0,0,1,2,31,298,,,,,,,,,,,,,,,,,,,,,,,,,,,,,,,,,,,
451,0,0,1,2,31,299,,,,,,,,,,,,,,,,,,,,,,,,,,,,,,,,,,,
452,0,0,1,2,31,300,,,,,,,,,,,,,,,,,,,,,,,,,,,,,,,,,,,
453,0,0,1,2,31,301,,,,,,,,,,,,,,,,,,,,,,,,,,,,,,,,,,,
454,0,0,1,2,31,302,,,,,,,,,,,,,,,,,,,,,,,,,,,,,,,,,,,
455,0,0,1,2,31,303,,,,,,,,,,,,,,,,,,,,,,,,,,,,,,,,,,,
456,0,0,1,2,31,304,,,,,,,,,,,,,,,,,,,,,,,,,,,,,,,,,,,
457,0,0,1,2,31,305,,,,,,,,,,,,,,,,,,,,,,,,,,,,,,,,,,,
458,0,0,1,2,31,306,,,,,,,,,,,,,,,,,,,,,,,,,,,,,,,,,,,
459,0,0,1,2,31,307,,,,,,,,,,,,,,,,,,,,,,,,,,,,,,,,,,,
460,0,0,1,2,31,308,,,,,,,,,,,,,,,,,,,,,,,,,,,,,,,,,,,
461,0,0,1,2,31,309,,,,,,,,,,,,,,,,,,,,,,,,,,,,,,,,,,,
462,0,0,1,2,31,310,,,,,,,,,,,,,,,,,,,,,,,,,,,,,,,,,,,
463,0,0,1,2,31,311,,,,,,,,,,,,,,,,,,,,,,,,,,,,,,,,,,,
464,0,0,1,2,31,312,,,,,,,,,,,,,,,,,,,,,,,,,,,,,,,,,,,
465,0,0,1,2,31,313,,,,,,,,,,,,,,,,,,,,,,,,,,,,,,,,,,,
466,0,0,1,2,31,314,,,,,,,,,,,,,,,,,,,,,,,,,,,,,,,,,,,
467,0,0,1,2,31,315,,,,,,,,,,,,,,,,,,,,,,,,,,,,,,,,,,,
468,0,0,1,2,31,316,,,,,,,,,,,,,,,,,,,,,,,,,,,,,,,,,,,
469,0,0,1,2,31,317,,,,,,,,,,,,,,,,,,,,,,,,,,,,,,,,,,,
470,0,0,1,2,31,318,,,,,,,,,,,,,,,,,,,,,,,,,,,,,,,,,,,
471,0,0,1,2,31,319,,,,,,,,,,,,,,,,,,,,,,,,,,,,,,,,,,,
472,0,0,1,2,31,320,,,,,,,,,,,,,,,,,,,,,,,,,,,,,,,,,,,
473,0,0,1,2,31,321,,,,,,,,,,,,,,,,,,,,,,,,,,,,,,,,,,,
474,0,0,1,2,31,322,,,,,,,,,,,,,,,,,,,,,,,,,,,,,,,,,,,
475,0,0,1,2,31,323,,,,,,,,,,,,,,,,,,,,,,,,,,,,,,,,,,,
476,0,0,1,2,31,324,,,,,,,,,,,,,,,,,,,,,,,,,,,,,,,,,,,
477,0,0,1,2,31,325,,,,,,,,,,,,,,,,,,,,,,,,,,,,,,,,,,,
478,0,0,1,2,31,326,,,,,,,,,,,,,,,,,,,,,,,,,,,,,,,,,,,
479,0,0,1,2,31,327,,,,,,,,,,,,,,,,,,,,,,,,,,,,,,,,,,,
480,0,0,1,2,31,328,,,,,,,,,,,,,,,,,,,,,,,,,,,,,,,,,,,
481,0,0,1,2,31,329,,,,,,,,,,,,,,,,,,,,,,,,,,,,,,,,,,,
482,0,0,1,2,31,330,,,,,,,,,,,,,,,,,,,,,,,,,,,,,,,,,,,
483,0,0,1,2,31,331,,,,,,,,,,,,,,,,,,,,,,,,,,,,,,,,,,,
484,0,0,1,2,31,335,,,,,,,,,,,,,,,,,,,,,,,,,,,,,,,,,,,
485,0,0,1,2,31,336,,,,,,,,,,,,,,,,,,,,,,,,,,,,,,,,,,,
486,0,0,1,2,31,337,,,,,,,,,,,,,,,,,,,,,,,,,,,,,,,,,,,
487,0,0,1,2,31,338,,,,,,,,,,,,,,,,,,,,,,,,,,,,,,,,,,,
488,0,0,1,2,31,340,,,,,,,,,,,,,,,,,,,,,,,,,,,,,,,,,,,
489,0,0,1,2,31,339,,,,,,,,,,,,,,,,,,,,,,,,,,,,,,,,,,,
490,0,0,1,2,31,341,,,,,,,,,,,,,,,,,,,,,,,,,,,,,,,,,,,
491,0,0,1,2,31,342,,,,,,,,,,,,,,,,,,,,,,,,,,,,,,,,,,,
492,0,0,1,2,31,343,,,,,,,,,,,,,,,,,,,,,,,,,,,,,,,,,,,
493,0,0,1,2,31,344,,,,,,,,,,,,,,,,,,,,,,,,,,,,,,,,,,,
494,0,0,1,2,31,345,,,,,,,,,,,,,,,,,,,,,,,,,,,,,,,,,,,
495,0,0,1,2,31,346,,,,,,,,,,,,,,,,,,,,,,,,,,,,,,,,,,,
496,0,0,1,2,31,347,,,,,,,,,,,,,,,,,,,,,,,,,,,,,,,,,,,
497,0,0,1,2,31,332,,,,,,,,,,,,,,,,,,,,,,,,,,,,,,,,,,,
498,0,0,1,2,31,333,,,,,,,,,,,,,,,,,,,,,,,,,,,,,,,,,,,
499,0,0,1,2,31,334,,,,,,,,,,,,,,,,,,,,,,,,,,,,,,,,,,,
500,0,0,1,2,31,348,,,,,,,,,,,,,,,,,,,,,,,,,,,,,,,,,,,
501,1,0,1,2,32,5,,,,,,,,,,,,,,,,,,,,,,,,,,,,,,,,,,,
502,1,0,1,2,32,5,,,,,,,,,,,,,,,,,,,,,,,,,,,,,,,,,,,
503,1,0,1,2,32,5,,,,,,,,,,,,,,,,,,,,,,,,,,,,,,,,,,,
504,1,0,1,2,32,5,,,,,,,,,,,,,,,,,,,,,,,,,,,,,,,,,,,
505,1,0,1,2,32,5,,,,,,,,,,,,,,,,,,,,,,,,,,,,,,,,,,,
506,1,0,2,2,32,1,2,33,507,,,,,,,,,,,,,,,,,,,,,,,,,,,,,,,,
507,1,0,1,2,32,5,,,,,,,,,,,,,,,,,,,,,,,,,,,,,,,,,,,
508,1,0,2,2,32,100,2,33,509,,,,,,,,,,,,,,,,,,,,,,,,,,,,,,,,
509,1,0,1,2,32,5,,,,,,,,,,,,,,,,,,,,,,,,,,,,,,,,,,,
510,1,0,2,2,32,20,2,33,511,,,,,,,,,,,,,,,,,,,,,,,,,,,,,,,,
511,1,0,1,2,32,5,,,,,,,,,,,,,,,,,,,,,,,,,,,,,,,,,,,
512,0,0,1,2,31,349,,,,,,,,,,,,,,,,,,,,,,,,,,,,,,,,,,,
513,0,0,1,2,31,371,,,,,,,,,,,,,,,,,,,,,,,,,,,,,,,,,,,
514,0,0,1,2,31,372,,,,,,,,,,,,,,,,,,,,,,,,,,,,,,,,,,,
515,0,0,1,2,31,373,,,,,,,,,,,,,,,,,,,,,,,,,,,,,,,,,,,
516,0,0,2,2,32,60,2,33,517,,,,,,,,,,,,,,,,,,,,,,,,,,,,,,,,
517,0,0,1,2,32,5,,,,,,,,,,,,,,,,,,,,,,,,,,,,,,,,,,,
518,0,0,2,2,32,60,2,33,519,,,,,,,,,,,,,,,,,,,,,,,,,,,,,,,,
519,0,0,1,2,32,5,,,,,,,,,,,,,,,,,,,,,,,,,,,,,,,,,,,
520,0,0,2,2,32,60,2,33,521,,,,,,,,,,,,,,,,,,,,,,,,,,,,,,,,
521,0,0,1,2,32,5,,,,,,,,,,,,,,,,,,,,,,,,,,,,,,,,,,,
522,0,0,2,2,32,60,2,33,523,,,,,,,,,,,,,,,,,,,,,,,,,,,,,,,,
523,0,0,1,2,32,5,,,,,,,,,,,,,,,,,,,,,,,,,,,,,,,,,,,
524,0,0,2,2,32,60,2,33,525,,,,,,,,,,,,,,,,,,,,,,,,,,,,,,,,
525,0,0,1,2,32,5,,,,,,,,,,,,,,,,,,,,,,,,,,,,,,,,,,,
526,0,0,2,2,32,60,2,33,527,,,,,,,,,,,,,,,,,,,,,,,,,,,,,,,,
527,0,0,1,2,32,5,,,,,,,,,,,,,,,,,,,,,,,,,,,,,,,,,,,
528,0,0,2,2,32,60,2,33,529,,,,,,,,,,,,,,,,,,,,,,,,,,,,,,,,
529,0,0,1,2,32,5,,,,,,,,,,,,,,,,,,,,,,,,,,,,,,,,,,,
530,0,0,1,2,31,381,,,,,,,,,,,,,,,,,,,,,,,,,,,,,,,,,,,
531,0,0,2,2,32,60,2,33,532,,,,,,,,,,,,,,,,,,,,,,,,,,,,,,,,
532,0,0,1,2,32,5,,,,,,,,,,,,,,,,,,,,,,,,,,,,,,,,,,,
533,0,0,2,2,32,60,2,33,534,,,,,,,,,,,,,,,,,,,,,,,,,,,,,,,,
534,0,0,1,2,32,5,,,,,,,,,,,,,,,,,,,,,,,,,,,,,,,,,,,
535,0,0,2,2,32,60,2,33,536,,,,,,,,,,,,,,,,,,,,,,,,,,,,,,,,
536,0,0,1,2,32,5,,,,,,,,,,,,,,,,,,,,,,,,,,,,,,,,,,,
537,0,0,2,2,32,60,2,33,538,,,,,,,,,,,,,,,,,,,,,,,,,,,,,,,,
538,0,0,1,2,32,5,,,,,,,,,,,,,,,,,,,,,,,,,,,,,,,,,,,
539,0,0,2,2,32,60,2,33,540,,,,,,,,,,,,,,,,,,,,,,,,,,,,,,,,
540,0,0,1,2,32,5,,,,,,,,,,,,,,,,,,,,,,,,,,,,,,,,,,,
541,0,0,1,2,31,387,,,,,,,,,,,,,,,,,,,,,,,,,,,,,,,,,,,
542,0,0,1,2,31,388,,,,,,,,,,,,,,,,,,,,,,,,,,,,,,,,,,,
543,0,0,1,2,31,389,,,,,,,,,,,,,,,,,,,,,,,,,,,,,,,,,,,
544,0,0,2,2,32,60,2,33,545,,,,,,,,,,,,,,,,,,,,,,,,,,,,,,,,
545,0,0,1,2,32,5,,,,,,,,,,,,,,,,,,,,,,,,,,,,,,,,,,,
546,0,0,2,2,32,60,2,33,547,,,,,,,,,,,,,,,,,,,,,,,,,,,,,,,,
547,0,0,1,2,32,5,,,,,,,,,,,,,,,,,,,,,,,,,,,,,,,,,,,
548,0,0,2,2,32,60,2,33,549,,,,,,,,,,,,,,,,,,,,,,,,,,,,,,,,
549,0,0,1,2,32,5,,,,,,,,,,,,,,,,,,,,,,,,,,,,,,,,,,,
550,0,0,2,2,32,60,2,33,551,,,,,,,,,,,,,,,,,,,,,,,,,,,,,,,,
551,0,0,1,2,32,5,,,,,,,,,,,,,,,,,,,,,,,,,,,,,,,,,,,
552,0,0,2,2,32,60,2,33,553,,,,,,,,,,,,,,,,,,,,,,,,,,,,,,,,
553,0,0,1,2,32,5,,,,,,,,,,,,,,,,,,,,,,,,,,,,,,,,,,,
554,0,0,2,2,32,60,2,33,555,,,,,,,,,,,,,,,,,,,,,,,,,,,,,,,,
555,0,0,1,2,32,5,,,,,,,,,,,,,,,,,,,,,,,,,,,,,,,,,,,
556,0,0,2,2,32,60,2,33,557,,,,,,,,,,,,,,,,,,,,,,,,,,,,,,,,
557,0,0,1,2,32,5,,,,,,,,,,,,,,,,,,,,,,,,,,,,,,,,,,,
558,0,0,2,2,32,60,2,33,559,,,,,,,,,,,,,,,,,,,,,,,,,,,,,,,,
559,0,0,1,2,32,5,,,,,,,,,,,,,,,,,,,,,,,,,,,,,,,,,,,
560,0,0,2,2,32,60,2,33,561,,,,,,,,,,,,,,,,,,,,,,,,,,,,,,,,
561,0,0,1,2,32,5,,,,,,,,,,,,,,,,,,,,,,,,,,,,,,,,,,,
562,0,0,2,2,32,60,2,33,563,,,,,,,,,,,,,,,,,,,,,,,,,,,,,,,,
563,0,0,1,2,32,5,,,,,,,,,,,,,,,,,,,,,,,,,,,,,,,,,,,
564,0,0,2,2,32,60,2,33,565,,,,,,,,,,,,,,,,,,,,,,,,,,,,,,,,
565,0,0,1,2,32,5,,,,,,,,,,,,,,,,,,,,,,,,,,,,,,,,,,,
566,0,0,2,2,32,60,2,33,567,,,,,,,,,,,,,,,,,,,,,,,,,,,,,,,,
567,0,0,1,2,32,5,,,,,,,,,,,,,,,,,,,,,,,,,,,,,,,,,,,
568,0,0,2,2,32,60,2,33,569,,,,,,,,,,,,,,,,,,,,,,,,,,,,,,,,
569,0,0,1,2,32,5,,,,,,,,,,,,,,,,,,,,,,,,,,,,,,,,,,,
570,0,0,2,2,32,60,2,33,571,,,,,,,,,,,,,,,,,,,,,,,,,,,,,,,,
571,0,0,1,2,32,5,,,,,,,,,,,,,,,,,,,,,,,,,,,,,,,,,,,
572,0,0,1,2,31,414,,,,,,,,,,,,,,,,,,,,,,,,,,,,,,,,,,,
573,0,0,1,2,31,415,,,,,,,,,,,,,,,,,,,,,,,,,,,,,,,,,,,
574,0,0,1,2,31,416,,,,,,,,,,,,,,,,,,,,,,,,,,,,,,,,,,,
575,0,0,2,2,32,60,2,33,576,,,,,,,,,,,,,,,,,,,,,,,,,,,,,,,,
576,0,0,1,2,32,5,,,,,,,,,,,,,,,,,,,,,,,,,,,,,,,,,,,