,,,,,,,,minCosts [],,,,,,maxCosts,,,,,,,,,,findTermScript [][],,,,,,,,,,,effectScript [][],,,,,,,,,,,,,
,nameText,category,iconU,iconV,minLevel,maxLevel,findTermTextReleaseTownRank,,,,,,,,,,,,,minTimeSeconds,maxTimeSeconds,rebirthTimeSeconds,researchMax,,,,,,,,,,,,,,,,,,,findTermTextBase,,findTermTextItemName1,findTermTextItemNum1,findTermTextItemName2,findTermTextItemNum2,flag
0,C/ Magic Staff,1,4,0,1,3,4,5,0,28,0,42,0,5,0,168,0,252,0,420,86400,97200,3,2,4,23,164,3,1,4,23,169,3,1,1,4,81,20,1,3,未使用,<po=m>Items: <0> <1>+<br>Items: <2> <3>+ Owned,未使用,Weapon Sample,3,Sage's Tome,3,0
1,B/ Diamond Staff,1,4,0,1,3,26,5,0,40,0,60,0,5,0,240,0,360,0,600,86400,97200,3,2,4,23,164,15,1,4,23,169,17,1,1,4,81,21,1,3,未使用,<po=m>Items: <0> <1>+<br>Items: <2> <3>+ Owned,未使用,Weapon Sample,15,Sage's Tome,17,0
2,C/ Elder Club,1,4,0,1,3,4,5,0,28,0,42,0,5,0,168,0,252,0,420,86400,97200,3,2,4,23,164,3,1,4,23,169,3,1,1,4,81,40,1,3,未使用,<po=m>Items: <0> <1>+<br>Items: <2> <3>+ Owned,未使用,Weapon Sample,3,Sage's Tome,3,0
3,B/ Hero Club,1,4,0,1,3,26,5,0,40,0,60,0,5,0,240,0,360,0,600,86400,97200,3,2,4,23,164,15,1,4,23,169,17,1,1,4,81,41,1,3,未使用,<po=m>Items: <0> <1>+<br>Items: <2> <3>+ Owned,未使用,Weapon Sample,15,Sage's Tome,17,0
4,B/ Trident,1,4,0,1,3,6,5,0,28,0,42,0,5,0,168,0,252,0,420,86400,97200,3,2,4,23,164,5,1,4,23,169,5,1,1,4,81,70,1,3,未使用,<po=m>Items: <0> <1>+<br>Items: <2> <3>+ Owned,未使用,Weapon Sample,5,Sage's Tome,5,0
5,A/ Legendary Spear,1,4,0,1,2,27,5,0,40,0,60,0,5,0,160,0,240,0,600,86400,108000,2,2,4,23,164,16,1,4,23,169,19,1,1,4,81,71,1,3,未使用,<po=m>Items: <0> <1>+<br>Items: <2> <3>+ Owned,未使用,Weapon Sample,16,Sage's Tome,19,0
6,C/ Iron Hammer,1,4,0,1,3,6,5,0,20,0,30,0,5,0,120,0,180,0,300,86400,97200,3,2,4,23,164,4,1,4,23,169,4,1,1,4,81,84,1,3,未使用,<po=m>Items: <0> <1>+<br>Items: <2> <3>+ Owned,未使用,Weapon Sample,4,Sage's Tome,4,0
7,B/ Big Bad Hammer,1,4,0,1,3,28,5,0,28,0,42,0,5,0,168,0,252,0,420,86400,97200,3,2,4,23,164,16,1,4,23,169,18,1,1,4,81,85,1,3,未使用,<po=m>Items: <0> <1>+<br>Items: <2> <3>+ Owned,未使用,Weapon Sample,16,Sage's Tome,18,0
8,S/ Fire Hammer,1,4,0,1,1,50,5,0,40,0,60,0,5,0,80,0,120,0,600,86400,118800,1,2,4,23,164,28,1,4,23,169,33,1,1,4,81,86,1,3,未使用,<po=m>Items: <0> <1>+<br>Items: <2> <3>+ Owned,未使用,Weapon Sample,28,Sage's Tome,33,0
9,C/ Master's Sword,1,4,0,1,3,6,5,0,20,0,30,0,5,0,120,0,180,0,300,86400,97200,3,2,4,23,164,4,1,4,23,169,5,1,1,4,81,94,1,3,未使用,<po=m>Items: <0> <1>+<br>Items: <2> <3>+ Owned,未使用,Weapon Sample,4,Sage's Tome,5,0
10,B/ Commander's Sword,1,4,0,1,3,28,5,0,28,0,42,0,5,0,168,0,252,0,420,86400,97200,3,2,4,23,164,16,1,4,23,169,18,1,1,4,81,95,1,3,未使用,<po=m>Items: <0> <1>+<br>Items: <2> <3>+ Owned,未使用,Weapon Sample,16,Sage's Tome,18,0
11,A/ Artisanal Sword,1,4,0,1,2,50,5,0,40,0,60,0,5,0,160,0,240,0,600,86400,108000,2,2,4,23,164,28,1,4,23,169,32,1,1,4,81,96,1,3,未使用,<po=m>Items: <0> <1>+<br>Items: <2> <3>+ Owned,未使用,Weapon Sample,28,Sage's Tome,32,0
12,C/ Club,1,4,0,1,3,7,5,0,20,0,30,0,5,0,120,0,180,0,300,86400,97200,3,2,4,23,164,5,1,4,23,169,5,1,1,4,81,44,1,3,未使用,<po=m>Items: <0> <1>+<br>Items: <2> <3>+ Owned,未使用,Weapon Sample,5,Sage's Tome,5,0
13,B/ Iron Club,1,4,0,1,3,29,5,0,28,0,42,0,5,0,168,0,252,0,420,86400,97200,3,2,4,23,164,16,1,4,23,169,19,1,1,4,81,45,1,3,未使用,<po=m>Items: <0> <1>+<br>Items: <2> <3>+ Owned,未使用,Weapon Sample,16,Sage's Tome,19,0
14,A/ Red Club,1,4,0,1,2,51,5,0,40,0,60,0,5,0,160,0,240,0,600,86400,108000,2,2,4,23,164,28,1,4,23,169,33,1,1,4,81,46,1,3,未使用,<po=m>Items: <0> <1>+<br>Items: <2> <3>+ Owned,未使用,Weapon Sample,28,Sage's Tome,33,0
15,C/ Ancient Tome,1,4,0,1,3,8,5,0,28,0,42,0,5,0,168,0,252,0,420,86400,97200,3,2,4,23,164,5,1,4,23,169,5,1,1,4,81,155,1,3,未使用,<po=m>Items: <0> <1>+<br>Items: <2> <3>+ Owned,未使用,Weapon Sample,5,Sage's Tome,5,0
16,B/ Paintbrush,1,4,0,1,3,30,5,0,40,0,60,0,5,0,240,0,360,0,600,86400,97200,3,2,4,23,164,17,1,4,23,169,19,1,1,4,81,156,1,3,未使用,<po=m>Items: <0> <1>+<br>Items: <2> <3>+ Owned,未使用,Weapon Sample,17,Sage's Tome,19,0
17,B/ Master's Knife,1,4,0,1,3,9,5,0,28,0,42,0,5,0,168,0,252,0,420,86400,97200,3,2,4,23,164,6,1,4,23,169,7,1,1,4,81,100,1,3,未使用,<po=m>Items: <0> <1>+<br>Items: <2> <3>+ Owned,未使用,Weapon Sample,6,Sage's Tome,7,0
18,A/ Golden Knife,1,4,0,1,2,31,5,0,40,0,60,0,5,0,160,0,240,0,600,86400,108000,2,2,4,23,164,18,1,4,23,169,21,1,1,4,81,101,1,3,未使用,<po=m>Items: <0> <1>+<br>Items: <2> <3>+ Owned,未使用,Weapon Sample,18,Sage's Tome,21,0
19,C/ Cudgel,1,4,0,1,3,9,5,0,12,0,18,0,5,0,72,0,108,0,180,86400,97200,3,2,4,23,164,6,1,4,23,169,6,1,1,4,81,48,1,3,未使用,<po=m>Items: <0> <1>+<br>Items: <2> <3>+ Owned,未使用,Weapon Sample,6,Sage's Tome,6,0
20,B/ Morning Star,1,4,0,1,3,31,5,0,20,0,30,0,5,0,120,0,180,0,300,86400,97200,3,2,4,23,164,17,1,4,23,169,20,1,1,4,81,49,1,3,未使用,<po=m>Items: <0> <1>+<br>Items: <2> <3>+ Owned,未使用,Weapon Sample,17,Sage's Tome,20,0
21,A/ Steel Club,1,4,0,1,2,53,5,0,28,0,42,0,5,0,112,0,168,0,420,86400,108000,2,2,4,23,164,29,1,4,23,169,34,1,1,4,81,50,1,3,未使用,<po=m>Items: <0> <1>+<br>Items: <2> <3>+ Owned,未使用,Weapon Sample,29,Sage's Tome,34,0
22,S/ Golden Club,1,4,0,1,1,75,5,0,40,0,60,0,5,0,80,0,120,0,600,86400,118800,1,2,4,23,164,41,1,4,23,169,48,1,1,4,81,51,1,3,未使用,<po=m>Items: <0> <1>+<br>Items: <2> <3>+ Owned,未使用,Weapon Sample,41,Sage's Tome,48,0
23,B/ Silver Hammer,1,4,0,1,3,10,5,0,20,0,30,0,5,0,120,0,180,0,300,86400,97200,3,2,4,23,164,7,1,4,23,169,8,1,1,4,81,89,1,3,未使用,<po=m>Items: <0> <1>+<br>Items: <2> <3>+ Owned,未使用,Weapon Sample,7,Sage's Tome,8,0
24,A/ Master's Hammer,1,4,0,1,2,32,5,0,28,0,42,0,5,0,112,0,168,0,420,86400,108000,2,2,4,23,164,19,1,4,23,169,21,1,1,4,81,90,1,3,未使用,<po=m>Items: <0> <1>+<br>Items: <2> <3>+ Owned,未使用,Weapon Sample,19,Sage's Tome,21,0
25,S/ Golden Hammer,1,4,0,1,1,54,5,0,40,0,60,0,5,0,80,0,120,0,600,86400,118800,1,2,4,23,164,30,1,4,23,169,35,1,1,4,81,91,1,3,未使用,<po=m>Items: <0> <1>+<br>Items: <2> <3>+ Owned,未使用,Weapon Sample,30,Sage's Tome,35,0
26,C/ Silver Scalpel,1,4,0,1,3,10,5,0,20,0,30,0,5,0,120,0,180,0,300,86400,97200,3,2,4,23,164,6,1,4,23,169,7,1,1,4,81,104,1,3,未使用,<po=m>Items: <0> <1>+<br>Items: <2> <3>+ Owned,未使用,Weapon Sample,6,Sage's Tome,7,0
27,B/ Lightning Scalpel,1,4,0,1,3,32,5,0,28,0,42,0,5,0,168,0,252,0,420,86400,97200,3,2,4,23,164,18,1,4,23,169,21,1,1,4,81,105,1,3,未使用,<po=m>Items: <0> <1>+<br>Items: <2> <3>+ Owned,未使用,Weapon Sample,18,Sage's Tome,21,0
28,A/ Ice Scalpel,1,4,0,1,2,54,5,0,40,0,60,0,5,0,160,0,240,0,600,86400,108000,2,2,4,23,164,30,1,4,23,169,35,1,1,4,81,106,1,3,未使用,<po=m>Items: <0> <1>+<br>Items: <2> <3>+ Owned,未使用,Weapon Sample,30,Sage's Tome,35,0
29,C/ Light Club,1,4,0,1,3,11,5,0,20,0,30,0,5,0,120,0,180,0,300,86400,97200,3,2,4,23,164,7,1,4,23,169,7,1,1,4,81,54,1,3,未使用,<po=m>Items: <0> <1>+<br>Items: <2> <3>+ Owned,未使用,Weapon Sample,7,Sage's Tome,7,0
30,A/ Angelic Club,1,4,0,1,2,33,5,0,28,0,42,0,5,0,112,0,168,0,420,86400,108000,2,2,4,23,164,19,1,4,23,169,22,1,1,4,81,55,1,3,未使用,<po=m>Items: <0> <1>+<br>Items: <2> <3>+ Owned,未使用,Weapon Sample,19,Sage's Tome,22,0
31,S/ Divine Club,1,4,0,1,1,55,5,0,40,0,60,0,5,0,80,0,120,0,600,86400,118800,1,2,4,23,164,31,1,4,23,169,36,1,1,4,81,56,1,3,未使用,<po=m>Items: <0> <1>+<br>Items: <2> <3>+ Owned,未使用,Weapon Sample,31,Sage's Tome,36,0
32,C/ Tornado Sword,1,4,0,1,3,12,5,0,20,0,30,0,5,0,120,0,180,0,300,86400,97200,3,2,4,23,164,7,1,4,23,169,8,1,1,4,81,109,1,3,未使用,<po=m>Items: <0> <1>+<br>Items: <2> <3>+ Owned,未使用,Weapon Sample,7,Sage's Tome,8,0
33,A/ Teardop Sword,1,4,0,1,2,34,5,0,28,0,42,0,5,0,112,0,168,0,420,86400,108000,2,2,4,23,164,20,1,4,23,169,23,1,1,4,81,110,1,3,未使用,<po=m>Items: <0> <1>+<br>Items: <2> <3>+ Owned,未使用,Weapon Sample,20,Sage's Tome,23,0
34,S/ Fire Sword,1,4,0,1,1,56,5,0,40,0,60,0,5,0,80,0,120,0,600,86400,118800,1,2,4,23,164,31,1,4,23,169,36,1,1,4,81,111,1,3,未使用,<po=m>Items: <0> <1>+<br>Items: <2> <3>+ Owned,未使用,Weapon Sample,31,Sage's Tome,36,0
35,C/ Artistic Club,1,4,0,1,3,12,5,0,28,0,42,0,5,0,168,0,252,0,420,86400,97200,3,2,4,23,164,7,1,4,23,169,8,1,1,4,81,60,1,3,未使用,<po=m>Items: <0> <1>+<br>Items: <2> <3>+ Owned,未使用,Weapon Sample,7,Sage's Tome,8,0
36,A/ Emerald Club,1,4,0,1,2,35,5,0,40,0,60,0,5,0,160,0,240,0,600,86400,108000,2,2,4,23,164,20,1,4,23,169,23,1,1,4,81,61,1,3,未使用,<po=m>Items: <0> <1>+<br>Items: <2> <3>+ Owned,未使用,Weapon Sample,20,Sage's Tome,23,0
37,C/ Iron Pike,1,4,0,1,3,13,5,0,12,0,18,0,5,0,72,0,108,0,180,86400,97200,3,2,4,23,164,8,1,4,23,169,9,1,1,4,81,73,1,3,未使用,<po=m>Items: <0> <1>+<br>Items: <2> <3>+ Owned,未使用,Weapon Sample,8,Sage's Tome,9,0
38,B/ Red Spear,1,4,0,1,3,35,5,0,20,0,30,0,5,0,120,0,180,0,300,86400,97200,3,2,4,23,164,19,1,4,23,169,22,1,1,4,81,74,1,3,未使用,<po=m>Items: <0> <1>+<br>Items: <2> <3>+ Owned,未使用,Weapon Sample,19,Sage's Tome,22,0
39,A/ Steel Spear,1,4,0,1,2,57,5,0,28,0,42,0,5,0,112,0,168,0,420,86400,108000,2,2,4,23,164,31,1,4,23,169,36,1,1,4,81,75,1,3,未使用,<po=m>Items: <0> <1>+<br>Items: <2> <3>+ Owned,未使用,Weapon Sample,31,Sage's Tome,36,0
40,S/ Fire Spear,1,4,0,1,1,79,5,0,40,0,60,0,5,0,80,0,120,0,600,86400,118800,1,2,4,23,164,43,1,4,23,169,50,1,1,4,81,76,1,3,未使用,<po=m>Items: <0> <1>+<br>Items: <2> <3>+ Owned,未使用,Weapon Sample,43,Sage's Tome,50,0
41,C/ Silver Sword,1,4,0,1,3,14,5,0,20,0,30,0,5,0,120,0,180,0,300,86400,97200,3,2,4,23,164,8,1,4,23,169,9,1,1,4,81,114,1,3,未使用,<po=m>Items: <0> <1>+<br>Items: <2> <3>+ Owned,未使用,Weapon Sample,8,Sage's Tome,9,0
42,B/ Destruction Sword,1,4,0,1,3,36,5,0,28,0,42,0,5,0,168,0,252,0,420,86400,97200,3,2,4,23,164,20,1,4,23,169,23,1,1,4,81,115,1,3,未使用,<po=m>Items: <0> <1>+<br>Items: <2> <3>+ Owned,未使用,Weapon Sample,20,Sage's Tome,23,0
43,A/ Ancient Sword,1,4,0,1,2,57,5,0,40,0,60,0,5,0,160,0,240,0,600,86400,108000,2,2,4,23,164,31,1,4,23,169,37,1,1,4,81,116,1,3,未使用,<po=m>Items: <0> <1>+<br>Items: <2> <3>+ Owned,未使用,Weapon Sample,31,Sage's Tome,37,0
44,C/ Spiked Staff,1,4,0,1,3,14,5,0,20,0,30,0,5,0,120,0,180,0,300,86400,97200,3,2,4,23,164,8,1,4,23,169,9,1,1,4,81,24,1,3,未使用,<po=m>Items: <0> <1>+<br>Items: <2> <3>+ Owned,未使用,Weapon Sample,8,Sage's Tome,9,0
45,B/ Shining Staff,1,4,0,1,3,36,5,0,28,0,42,0,5,0,168,0,252,0,420,86400,97200,3,2,4,23,164,20,1,4,23,169,23,1,1,4,81,25,1,3,未使用,<po=m>Items: <0> <1>+<br>Items: <2> <3>+ Owned,未使用,Weapon Sample,20,Sage's Tome,23,0
46,A/ Light Staff,1,4,0,1,2,58,5,0,40,0,60,0,5,0,160,0,240,0,600,86400,108000,2,2,4,23,164,32,1,4,23,169,37,1,1,4,81,26,1,3,未使用,<po=m>Items: <0> <1>+<br>Items: <2> <3>+ Owned,未使用,Weapon Sample,32,Sage's Tome,37,0
47,C/ Ice Greatsword,1,4,0,1,3,15,5,0,20,0,30,0,5,0,120,0,180,0,300,86400,97200,3,2,4,23,164,9,1,4,23,169,10,1,1,4,81,119,1,3,未使用,<po=m>Items: <0> <1>+<br>Items: <2> <3>+ Owned,未使用,Weapon Sample,9,Sage's Tome,10,0
48,B/ Frosty Sword,1,4,0,1,3,37,5,0,28,0,42,0,5,0,168,0,252,0,420,86400,97200,3,2,4,23,164,20,1,4,23,169,24,1,1,4,81,120,1,3,未使用,<po=m>Items: <0> <1>+<br>Items: <2> <3>+ Owned,未使用,Weapon Sample,20,Sage's Tome,24,0
49,S/ Blizzard Sword,1,4,0,1,1,59,5,0,40,0,60,0,5,0,80,0,120,0,600,86400,118800,1,2,4,23,164,33,1,4,23,169,38,1,1,4,81,121,1,3,未使用,<po=m>Items: <0> <1>+<br>Items: <2> <3>+ Owned,未使用,Weapon Sample,33,Sage's Tome,38,0
50,C/ Rifle,1,4,0,1,3,16,5,0,12,0,18,0,5,0,72,0,108,0,180,86400,97200,3,2,4,23,164,9,1,4,23,169,10,1,1,4,81,158,1,3,未使用,<po=m>Items: <0> <1>+<br>Items: <2> <3>+ Owned,未使用,Weapon Sample,9,Sage's Tome,10,0
51,B/ Musket,1,4,0,1,3,38,5,0,20,0,30,0,5,0,120,0,180,0,300,86400,97200,3,2,4,23,164,21,1,4,23,169,24,1,1,4,81,159,1,3,未使用,<po=m>Items: <0> <1>+<br>Items: <2> <3>+ Owned,未使用,Weapon Sample,21,Sage's Tome,24,0
52,A/ Mighty Rifle,1,4,0,1,2,59,5,0,28,0,42,0,5,0,112,0,168,0,420,86400,108000,2,2,4,23,164,32,1,4,23,169,38,1,1,4,81,160,1,3,未使用,<po=m>Items: <0> <1>+<br>Items: <2> <3>+ Owned,未使用,Weapon Sample,32,Sage's Tome,38,0
53,S/ Golden Gun,1,4,0,1,1,81,5,0,40,0,60,0,5,0,80,0,120,0,600,86400,118800,1,2,4,23,164,44,1,4,23,169,52,1,1,4,81,161,1,3,未使用,<po=m>Items: <0> <1>+<br>Items: <2> <3>+ Owned,未使用,Weapon Sample,44,Sage's Tome,52,0
54,C/ Infantry Bow,1,4,0,1,3,16,5,0,12,0,18,0,5,0,72,0,108,0,180,86400,97200,3,2,4,23,164,9,1,4,23,169,11,1,1,4,81,163,1,3,未使用,<po=m>Items: <0> <1>+<br>Items: <2> <3>+ Owned,未使用,Weapon Sample,9,Sage's Tome,11,0
55,B/ Hunting Bow,1,4,0,1,3,38,5,0,20,0,30,0,5,0,120,0,180,0,300,86400,97200,3,2,4,23,164,21,1,4,23,169,24,1,1,4,81,164,1,3,未使用,<po=m>Items: <0> <1>+<br>Items: <2> <3>+ Owned,未使用,Weapon Sample,21,Sage's Tome,24,0
56,A/ Swift Bow,1,4,0,1,2,60,5,0,28,0,42,0,5,0,112,0,168,0,420,86400,108000,2,2,4,23,164,33,1,4,23,169,38,1,1,4,81,165,1,3,未使用,<po=m>Items: <0> <1>+<br>Items: <2> <3>+ Owned,未使用,Weapon Sample,33,Sage's Tome,38,0
57,S/ Champion's Bow,1,4,0,1,1,82,5,0,40,0,60,0,5,0,80,0,120,0,600,86400,118800,1,2,4,23,164,44,1,4,23,169,52,1,1,4,81,166,1,3,未使用,<po=m>Items: <0> <1>+<br>Items: <2> <3>+ Owned,未使用,Weapon Sample,44,Sage's Tome,52,0
58,C/ Giant Ninja Star,1,4,0,1,3,17,5,0,20,0,30,0,5,0,120,0,180,0,300,86400,97200,3,2,4,23,164,10,1,4,23,169,11,1,1,4,81,124,1,3,未使用,<po=m>Items: <0> <1>+<br>Items: <2> <3>+ Owned,未使用,Weapon Sample,10,Sage's Tome,11,0
59,B/ Flame Ninja Star,1,4,0,1,3,39,5,0,28,0,42,0,5,0,168,0,252,0,420,86400,97200,3,2,4,23,164,21,1,4,23,169,25,1,1,4,81,125,1,3,未使用,<po=m>Items: <0> <1>+<br>Items: <2> <3>+ Owned,未使用,Weapon Sample,21,Sage's Tome,25,0
60,A/ Giga Ninja Star,1,4,0,1,2,61,5,0,40,0,60,0,5,0,160,0,240,0,600,86400,108000,2,2,4,23,164,33,1,4,23,169,39,1,1,4,81,126,1,3,未使用,<po=m>Items: <0> <1>+<br>Items: <2> <3>+ Owned,未使用,Weapon Sample,33,Sage's Tome,39,0
61,C/ Shogun's Katana,1,4,0,1,3,18,5,0,20,0,30,0,5,0,120,0,180,0,300,86400,97200,3,2,4,23,164,10,1,4,23,169,11,1,1,4,81,129,1,3,未使用,<po=m>Items: <0> <1>+<br>Items: <2> <3>+ Owned,未使用,Weapon Sample,10,Sage's Tome,11,0
62,B/ Master's Katana,1,4,0,1,3,40,5,0,28,0,42,0,5,0,168,0,252,0,420,86400,97200,3,2,4,23,164,22,1,4,23,169,25,1,1,4,81,130,1,3,未使用,<po=m>Items: <0> <1>+<br>Items: <2> <3>+ Owned,未使用,Weapon Sample,22,Sage's Tome,25,0
63,A/ Legendary Katana,1,4,0,1,2,61,5,0,40,0,60,0,5,0,160,0,240,0,600,86400,108000,2,2,4,23,164,33,1,4,23,169,39,1,1,4,81,131,1,3,未使用,<po=m>Items: <0> <1>+<br>Items: <2> <3>+ Owned,未使用,Weapon Sample,33,Sage's Tome,39,0
64,C/ Steel Axe,1,4,0,1,3,18,5,0,20,0,30,0,5,0,120,0,180,0,300,86400,97200,3,2,4,23,164,10,1,4,23,169,12,1,1,4,81,169,1,3,未使用,<po=m>Items: <0> <1>+<br>Items: <2> <3>+ Owned,未使用,Weapon Sample,10,Sage's Tome,12,0
65,B/ Battle Axe,1,4,0,1,3,40,5,0,28,0,42,0,5,0,168,0,252,0,420,86400,97200,3,2,4,23,164,22,1,4,23,169,26,1,1,4,81,170,1,3,未使用,<po=m>Items: <0> <1>+<br>Items: <2> <3>+ Owned,未使用,Weapon Sample,22,Sage's Tome,26,0
66,S/ Legendary Axe,1,4,0,1,1,63,5,0,40,0,60,0,5,0,80,0,120,0,600,86400,118800,1,2,4,23,164,35,1,4,23,169,40,1,1,4,81,171,1,3,未使用,<po=m>Items: <0> <1>+<br>Items: <2> <3>+ Owned,未使用,Weapon Sample,35,Sage's Tome,40,0
67,C/ Tempered Sword,1,4,0,1,3,19,5,0,20,0,30,0,5,0,120,0,180,0,300,86400,97200,3,2,4,23,164,11,1,4,23,169,12,1,1,4,81,134,1,3,未使用,<po=m>Items: <0> <1>+<br>Items: <2> <3>+ Owned,未使用,Weapon Sample,11,Sage's Tome,12,0
68,B/ Lightweight Sword,1,4,0,1,3,41,5,0,28,0,42,0,5,0,168,0,252,0,420,86400,97200,3,2,4,23,164,22,1,4,23,169,26,1,1,4,81,135,1,3,未使用,<po=m>Items: <0> <1>+<br>Items: <2> <3>+ Owned,未使用,Weapon Sample,22,Sage's Tome,26,0
69,A/ Honor Sword,1,4,0,1,2,63,5,0,40,0,60,0,5,0,160,0,240,0,600,86400,108000,2,2,4,23,164,34,1,4,23,169,40,1,1,4,81,136,1,3,未使用,<po=m>Items: <0> <1>+<br>Items: <2> <3>+ Owned,未使用,Weapon Sample,34,Sage's Tome,40,0
70,C/ Saint's Sword,1,4,0,1,3,20,5,0,20,0,30,0,5,0,120,0,180,0,300,86400,97200,3,2,4,23,164,11,1,4,23,169,13,1,1,4,81,139,1,3,未使用,<po=m>Items: <0> <1>+<br>Items: <2> <3>+ Owned,未使用,Weapon Sample,11,Sage's Tome,13,0
71,A/ Sword of Rage,1,4,0,1,2,42,5,0,28,0,42,0,5,0,112,0,168,0,420,86400,108000,2,2,4,23,164,24,1,4,23,169,27,1,1,4,81,140,1,3,未使用,<po=m>Items: <0> <1>+<br>Items: <2> <3>+ Owned,未使用,Weapon Sample,24,Sage's Tome,27,0
72,S/ Legendary Sword,1,4,0,1,1,64,5,0,40,0,60,0,5,0,80,0,120,0,600,86400,118800,1,2,4,23,164,35,1,4,23,169,41,1,1,4,81,141,1,3,未使用,<po=m>Items: <0> <1>+<br>Items: <2> <3>+ Owned,未使用,Weapon Sample,35,Sage's Tome,41,0
73,C/ Lightning Staff,1,4,0,1,3,20,5,0,20,0,30,0,5,0,120,0,180,0,300,86400,97200,3,2,4,23,164,11,1,4,23,169,13,1,1,4,81,29,1,3,未使用,<po=m>Items: <0> <1>+<br>Items: <2> <3>+ Owned,未使用,Weapon Sample,11,Sage's Tome,13,0
74,B/ Thunder Staff,1,4,0,1,3,42,5,0,28,0,42,0,5,0,168,0,252,0,420,86400,97200,3,2,4,23,164,23,1,4,23,169,27,1,1,4,81,30,1,3,未使用,<po=m>Items: <0> <1>+<br>Items: <2> <3>+ Owned,未使用,Weapon Sample,23,Sage's Tome,27,0
75,A/ Frosty Rod,1,4,0,1,2,64,5,0,40,0,60,0,5,0,160,0,240,0,600,86400,108000,2,2,4,23,164,35,1,4,23,169,41,1,1,4,81,31,1,3,未使用,<po=m>Items: <0> <1>+<br>Items: <2> <3>+ Owned,未使用,Weapon Sample,35,Sage's Tome,41,0
76,C/ Darkness Sword,1,4,0,1,3,21,5,0,12,0,18,0,5,0,72,0,108,0,180,86400,97200,3,2,4,23,164,12,1,4,23,169,13,1,1,4,81,143,1,3,未使用,<po=m>Items: <0> <1>+<br>Items: <2> <3>+ Owned,未使用,Weapon Sample,12,Sage's Tome,13,0
77,B/ Sword of the Void,1,4,0,1,3,43,5,0,20,0,30,0,5,0,120,0,180,0,300,86400,97200,3,2,4,23,164,23,1,4,23,169,27,1,1,4,81,144,1,3,未使用,<po=m>Items: <0> <1>+<br>Items: <2> <3>+ Owned,未使用,Weapon Sample,23,Sage's Tome,27,0
78,A/ Royal Sword,1,4,0,1,2,65,5,0,28,0,42,0,5,0,112,0,168,0,420,86400,108000,2,2,4,23,164,35,1,4,23,169,41,1,1,4,81,145,1,3,未使用,<po=m>Items: <0> <1>+<br>Items: <2> <3>+ Owned,未使用,Weapon Sample,35,Sage's Tome,41,0
79,S/ Conqueror's Sword,1,4,0,1,1,87,5,0,40,0,60,0,5,0,80,0,120,0,600,86400,118800,1,2,4,23,164,47,1,4,23,169,55,1,1,4,81,146,1,3,未使用,<po=m>Items: <0> <1>+<br>Items: <2> <3>+ Owned,未使用,Weapon Sample,47,Sage's Tome,55,0
80,C/ Paladin's Spear,1,4,0,1,3,22,5,0,12,0,18,0,5,0,72,0,108,0,180,86400,97200,3,2,4,23,164,12,1,4,23,169,14,1,1,4,81,78,1,3,未使用,<po=m>Items: <0> <1>+<br>Items: <2> <3>+ Owned,未使用,Weapon Sample,12,Sage's Tome,14,0
81,B/ Commander's Spear,1,4,0,1,3,44,5,0,20,0,30,0,5,0,120,0,180,0,300,86400,97200,3,2,4,23,164,24,1,4,23,169,28,1,1,4,81,79,1,3,未使用,<po=m>Items: <0> <1>+<br>Items: <2> <3>+ Owned,未使用,Weapon Sample,24,Sage's Tome,28,0
82,A/ Golden Spear,1,4,0,1,2,65,5,0,28,0,42,0,5,0,112,0,168,0,420,86400,108000,2,2,4,23,164,35,1,4,23,169,41,1,1,4,81,80,1,3,未使用,<po=m>Items: <0> <1>+<br>Items: <2> <3>+ Owned,未使用,Weapon Sample,35,Sage's Tome,41,0
83,S/ Black Spear,1,4,0,1,1,87,5,0,40,0,60,0,5,0,80,0,120,0,600,86400,118800,1,2,4,23,164,47,1,4,23,169,55,1,1,4,81,81,1,3,未使用,<po=m>Items: <0> <1>+<br>Items: <2> <3>+ Owned,未使用,Weapon Sample,47,Sage's Tome,55,0
84,C/ Ancient Staff,1,4,0,1,3,22,5,0,20,0,30,0,5,0,120,0,180,0,300,86400,97200,3,2,4,23,164,12,1,4,23,169,14,1,1,4,81,34,1,3,未使用,<po=m>Items: <0> <1>+<br>Items: <2> <3>+ Owned,未使用,Weapon Sample,12,Sage's Tome,14,0
85,A/ Legendary Staff,1,4,0,1,2,45,5,0,28,0,42,0,5,0,112,0,168,0,420,86400,108000,2,2,4,23,164,25,1,4,23,169,29,1,1,4,81,35,1,3,未使用,<po=m>Items: <0> <1>+<br>Items: <2> <3>+ Owned,未使用,Weapon Sample,25,Sage's Tome,29,0
86,S/ Mystic Staff,1,4,0,1,1,67,5,0,40,0,60,0,5,0,80,0,120,0,600,86400,118800,1,2,4,23,164,37,1,4,23,169,43,1,1,4,81,36,1,3,未使用,<po=m>Items: <0> <1>+<br>Items: <2> <3>+ Owned,未使用,Weapon Sample,37,Sage's Tome,43,0
87,C/ Courage Sword,1,4,0,1,3,23,5,0,12,0,18,0,5,0,72,0,108,0,180,86400,97200,3,2,4,23,164,13,1,4,23,169,15,1,1,4,81,148,1,3,未使用,<po=m>Items: <0> <1>+<br>Items: <2> <3>+ Owned,未使用,Weapon Sample,13,Sage's Tome,15,0
88,B/ Hero Sword,1,4,0,1,3,45,5,0,20,0,30,0,5,0,120,0,180,0,300,86400,97200,3,2,4,23,164,24,1,4,23,169,28,1,1,4,81,149,1,3,未使用,<po=m>Items: <0> <1>+<br>Items: <2> <3>+ Owned,未使用,Weapon Sample,24,Sage's Tome,28,0
89,A/ Immortal Sword,1,4,0,1,2,67,5,0,28,0,42,0,5,0,112,0,168,0,420,86400,108000,2,2,4,23,164,36,1,4,23,169,42,1,1,4,81,150,1,3,未使用,<po=m>Items: <0> <1>+<br>Items: <2> <3>+ Owned,未使用,Weapon Sample,36,Sage's Tome,42,0
90,S/ Yggdrasil Sword,1,4,0,1,1,89,5,0,40,0,60,0,5,0,80,0,120,0,600,86400,118800,1,2,4,23,164,48,1,4,23,169,56,1,1,4,81,151,1,3,未使用,<po=m>Items: <0> <1>+<br>Items: <2> <3>+ Owned,未使用,Weapon Sample,48,Sage's Tome,56,0
91,C/ Folk Art Club,1,4,0,1,3,24,5,0,28,0,42,0,5,0,168,0,252,0,420,86400,97200,3,2,4,23,164,13,1,4,23,169,15,1,1,4,81,65,1,3,未使用,<po=m>Items: <0> <1>+<br>Items: <2> <3>+ Owned,未使用,Weapon Sample,13,Sage's Tome,15,0
92,B/ Tree Branch,1,4,0,1,3,46,5,0,40,0,60,0,5,0,240,0,360,0,600,86400,97200,3,2,4,23,164,25,1,4,23,169,29,1,1,4,81,66,1,3,未使用,<po=m>Items: <0> <1>+<br>Items: <2> <3>+ Owned,未使用,Weapon Sample,25,Sage's Tome,29,0
93,B/ Shell Shield,1,6,0,1,3,14,5,0,0,0,36,18,5,0,0,0,216,108,540,86400,97200,3,2,4,23,165,9,1,4,23,169,10,1,1,4,81,185,1,3,未使用,<po=m>Items: <0> <1>+<br>Items: <2> <3>+ Owned,未使用,Shield Sample,9,Sage's Tome,10,0
94,S/ Wairo Shield,1,6,0,1,1,85,5,0,0,0,60,30,5,0,0,0,120,60,900,86400,118800,1,2,4,23,165,46,1,4,23,169,54,1,1,4,81,186,1,3,未使用,<po=m>Items: <0> <1>+<br>Items: <2> <3>+ Owned,未使用,Shield Sample,46,Sage's Tome,54,0
95,B/ Scholar's Shield,1,6,0,1,3,20,5,0,0,0,36,18,5,0,0,0,216,108,540,86400,97200,3,2,4,23,165,12,1,4,23,169,14,1,1,4,81,187,1,3,未使用,<po=m>Items: <0> <1>+<br>Items: <2> <3>+ Owned,未使用,Shield Sample,12,Sage's Tome,14,0
96,A/ Holy Shield,1,6,0,1,2,64,5,0,0,0,48,24,5,0,0,0,192,96,720,86400,108000,2,2,4,23,165,35,1,4,23,169,41,1,1,4,81,188,1,3,未使用,<po=m>Items: <0> <1>+<br>Items: <2> <3>+ Owned,未使用,Shield Sample,35,Sage's Tome,41,0
97,C/ Nightmare Shield,1,6,0,1,3,6,5,0,0,0,28,14,5,0,0,0,168,84,420,86400,97200,3,2,4,23,165,4,1,4,23,169,5,1,1,4,81,191,1,3,未使用,<po=m>Items: <0> <1>+<br>Items: <2> <3>+ Owned,未使用,Shield Sample,4,Sage's Tome,5,0
98,B/ Legendary Shield,1,6,0,1,3,24,5,0,0,0,36,18,5,0,0,0,216,108,540,86400,97200,3,2,4,23,165,14,1,4,23,169,16,1,1,4,81,192,1,3,未使用,<po=m>Items: <0> <1>+<br>Items: <2> <3>+ Owned,未使用,Shield Sample,14,Sage's Tome,16,0
99,B/ Green Shield,1,6,0,1,3,30,5,0,0,0,36,18,5,0,0,0,216,108,540,86400,97200,3,2,4,23,165,17,1,4,23,169,20,1,1,4,81,193,1,3,未使用,<po=m>Items: <0> <1>+<br>Items: <2> <3>+ Owned,未使用,Shield Sample,17,Sage's Tome,20,0
100,S/ Mirror Shield,1,6,0,1,2,71,5,0,0,0,48,24,5,0,0,0,192,96,720,86400,108000,2,2,4,23,165,39,1,4,23,169,46,1,1,4,81,194,1,3,未使用,<po=m>Items: <0> <1>+<br>Items: <2> <3>+ Owned,未使用,Shield Sample,39,Sage's Tome,46,0
101,A/ Golden Shield,1,6,0,1,2,67,5,0,0,0,48,24,5,0,0,0,192,96,720,86400,108000,2,2,4,23,165,36,1,4,23,169,43,1,1,4,81,195,1,3,未使用,<po=m>Items: <0> <1>+<br>Items: <2> <3>+ Owned,未使用,Shield Sample,36,Sage's Tome,43,0
102,S/ Shining Shield,1,6,0,1,2,78,5,0,0,0,48,24,5,0,0,0,192,96,720,86400,108000,2,2,4,23,165,42,1,4,23,169,50,1,1,4,81,196,1,3,未使用,<po=m>Items: <0> <1>+<br>Items: <2> <3>+ Owned,未使用,Shield Sample,42,Sage's Tome,50,0
103,C/ Demonic Shield,1,6,0,1,3,10,5,0,0,0,28,14,5,0,0,0,168,84,420,86400,97200,3,2,4,23,165,6,1,4,23,169,7,1,1,4,81,197,1,3,未使用,<po=m>Items: <0> <1>+<br>Items: <2> <3>+ Owned,未使用,Shield Sample,6,Sage's Tome,7,0
104,B/ Legendary Shield,1,6,0,1,3,37,5,0,0,0,36,18,5,0,0,0,216,108,540,86400,97200,3,2,4,23,165,20,1,4,23,169,24,1,1,4,81,198,1,3,未使用,<po=m>Items: <0> <1>+<br>Items: <2> <3>+ Owned,未使用,Shield Sample,20,Sage's Tome,24,0
105,C/ Conqueror's Shield,1,6,0,1,3,13,5,0,0,0,28,14,5,0,0,0,168,84,420,86400,97200,3,2,4,23,165,8,1,4,23,169,9,1,1,4,81,199,1,3,未使用,<po=m>Items: <0> <1>+<br>Items: <2> <3>+ Owned,未使用,Shield Sample,8,Sage's Tome,9,0
106,S/ Kairo Shield,1,6,0,1,1,91,5,0,0,0,60,30,5,0,0,0,120,60,900,86400,118800,1,2,4,23,165,49,1,4,23,169,58,1,1,4,81,200,1,3,未使用,<po=m>Items: <0> <1>+<br>Items: <2> <3>+ Owned,未使用,Shield Sample,49,Sage's Tome,58,0
107,C/ Skirt,1,5,0,1,3,13,5,28,0,0,42,0,5,168,0,0,252,0,420,86400,97200,3,2,4,23,166,8,1,4,23,169,9,1,1,4,81,209,1,3,未使用,<po=m>Items: <0> <1>+<br>Items: <2> <3>+ Owned,未使用,Armor Sample,8,Sage's Tome,9,0
108,B/ Dress,1,5,0,1,3,47,5,36,0,0,54,0,5,216,0,0,324,0,540,86400,97200,3,2,4,23,166,25,1,4,23,169,30,1,1,4,81,210,1,3,未使用,<po=m>Items: <0> <1>+<br>Items: <2> <3>+ Owned,未使用,Armor Sample,25,Sage's Tome,30,0
109,C/ Fur Coat,1,5,0,1,3,10,5,28,0,0,42,0,5,168,0,0,252,0,420,86400,97200,3,2,4,23,166,6,1,4,23,169,7,1,1,4,81,212,1,3,未使用,<po=m>Items: <0> <1>+<br>Items: <2> <3>+ Owned,未使用,Armor Sample,6,Sage's Tome,7,0
110,C/ Coat,1,5,0,1,3,16,5,28,0,0,42,0,5,168,0,0,252,0,420,86400,97200,3,2,4,23,166,9,1,4,23,169,11,1,1,4,81,213,1,3,未使用,<po=m>Items: <0> <1>+<br>Items: <2> <3>+ Owned,未使用,Armor Sample,9,Sage's Tome,11,0
111,C/ Robe,1,5,0,1,3,20,5,28,0,0,42,0,5,168,0,0,252,0,420,86400,97200,3,2,4,23,166,11,1,4,23,169,13,1,1,4,81,214,1,3,未使用,<po=m>Items: <0> <1>+<br>Items: <2> <3>+ Owned,未使用,Armor Sample,11,Sage's Tome,13,0
112,B/ Fine Robe,1,5,0,1,3,64,5,36,0,0,54,0,5,216,0,0,324,0,540,86400,97200,3,2,4,23,166,34,1,4,23,169,40,1,1,4,81,215,1,3,未使用,<po=m>Items: <0> <1>+<br>Items: <2> <3>+ Owned,未使用,Armor Sample,34,Sage's Tome,40,0
113,C/ Men's Kimono,1,5,0,1,3,23,5,28,0,0,42,0,5,168,0,0,252,0,420,86400,97200,3,2,4,23,166,13,1,4,23,169,15,1,1,4,81,216,1,3,未使用,<po=m>Items: <0> <1>+<br>Items: <2> <3>+ Owned,未使用,Armor Sample,13,Sage's Tome,15,0
114,C/ Durable Cape,1,5,0,1,3,26,5,28,0,0,42,0,5,168,0,0,252,0,420,86400,97200,3,2,4,23,166,14,1,4,23,169,17,1,1,4,81,218,1,3,未使用,<po=m>Items: <0> <1>+<br>Items: <2> <3>+ Owned,未使用,Armor Sample,14,Sage's Tome,17,0
115,B/ Purple Cape,1,5,0,1,3,57,5,36,0,0,54,0,5,216,0,0,324,0,540,86400,97200,3,2,4,23,166,30,1,4,23,169,36,1,1,4,81,219,1,3,未使用,<po=m>Items: <0> <1>+<br>Items: <2> <3>+ Owned,未使用,Armor Sample,30,Sage's Tome,36,0
116,A/ Royal Robe,1,5,0,1,2,67,5,48,0,0,72,0,5,192,0,0,288,0,720,86400,108000,2,2,4,23,166,36,1,4,23,169,43,1,1,4,81,220,1,3,未使用,<po=m>Items: <0> <1>+<br>Items: <2> <3>+ Owned,未使用,Armor Sample,36,Sage's Tome,43,0
117,C/ Leather Armor,1,5,0,1,3,30,5,28,0,0,42,0,5,168,0,0,252,0,420,86400,97200,3,2,4,23,166,16,1,4,23,169,19,1,1,4,81,223,1,3,未使用,<po=m>Items: <0> <1>+<br>Items: <2> <3>+ Owned,未使用,Armor Sample,16,Sage's Tome,19,0
118,C/ Light Mail,1,5,0,1,3,33,5,28,0,0,42,0,5,168,0,0,252,0,420,86400,97200,3,2,4,23,166,18,1,4,23,169,21,1,1,4,81,224,1,3,未使用,<po=m>Items: <0> <1>+<br>Items: <2> <3>+ Owned,未使用,Armor Sample,18,Sage's Tome,21,0
119,B/ Bronze Armor,1,5,0,1,3,44,5,36,0,0,54,0,5,216,0,0,324,0,540,86400,97200,3,2,4,23,166,24,1,4,23,169,28,1,1,4,81,225,1,3,未使用,<po=m>Items: <0> <1>+<br>Items: <2> <3>+ Owned,未使用,Armor Sample,24,Sage's Tome,28,0
120,B/ Silver Armor,1,5,0,1,3,50,5,36,0,0,54,0,5,216,0,0,324,0,540,86400,97200,3,2,4,23,166,27,1,4,23,169,32,1,1,4,81,226,1,3,未使用,<po=m>Items: <0> <1>+<br>Items: <2> <3>+ Owned,未使用,Armor Sample,27,Sage's Tome,32,0
121,A/ Verdant Armor,1,5,0,1,2,64,5,48,0,0,72,0,5,192,0,0,288,0,720,86400,108000,2,2,4,23,166,35,1,4,23,169,41,1,1,4,81,227,1,3,未使用,<po=m>Items: <0> <1>+<br>Items: <2> <3>+ Owned,未使用,Armor Sample,35,Sage's Tome,41,0
122,A/ Heavy Armor,1,5,0,1,2,57,5,48,0,0,72,0,5,192,0,0,288,0,720,86400,108000,2,2,4,23,166,31,1,4,23,169,37,1,1,4,81,228,1,3,未使用,<po=m>Items: <0> <1>+<br>Items: <2> <3>+ Owned,未使用,Armor Sample,31,Sage's Tome,37,0
123,S/ Golden Armor,1,5,0,1,1,88,5,60,0,0,90,0,5,120,0,0,180,0,900,86400,118800,1,2,4,23,166,47,1,4,23,169,56,1,1,4,81,229,1,3,未使用,<po=m>Items: <0> <1>+<br>Items: <2> <3>+ Owned,未使用,Armor Sample,47,Sage's Tome,56,0
124,S/ Black Chainmail,1,5,0,1,1,78,5,60,0,0,90,0,5,120,0,0,180,0,900,86400,118800,1,2,4,23,166,42,1,4,23,169,50,1,1,4,81,230,1,3,未使用,<po=m>Items: <0> <1>+<br>Items: <2> <3>+ Owned,未使用,Armor Sample,42,Sage's Tome,50,0
125,C/ Mage's Hat,1,7,0,1,3,13,5,28,0,0,42,0,5,168,0,0,252,0,420,86400,97200,3,2,4,23,167,8,1,4,23,170,9,1,1,4,81,252,1,3,未使用,<po=m>Items: <0> <1>+<br>Items: <2> <3>+ Owned,未使用,Helmet Sample,8,Scroll of Knowledge,9,0
126,B/ Wizard's Hat,1,7,0,1,3,37,5,36,0,0,54,0,5,216,0,0,324,0,540,86400,97200,3,2,4,23,167,20,1,4,23,170,24,1,1,4,81,253,1,3,未使用,<po=m>Items: <0> <1>+<br>Items: <2> <3>+ Owned,未使用,Helmet Sample,20,Scroll of Knowledge,24,0
127,A/ Legendary Hat,1,7,0,1,2,72,5,48,0,0,72,0,5,192,0,0,288,0,720,86400,108000,2,2,4,23,167,39,1,4,23,170,45,1,1,4,81,254,1,3,未使用,<po=m>Items: <0> <1>+<br>Items: <2> <3>+ Owned,未使用,Helmet Sample,39,Scroll of Knowledge,45,0
128,B/ Mystic Hat,1,7,0,1,3,44,5,36,0,0,54,0,5,216,0,0,324,0,540,86400,97200,3,2,4,23,167,24,1,4,23,170,28,1,1,4,81,255,1,3,未使用,<po=m>Items: <0> <1>+<br>Items: <2> <3>+ Owned,未使用,Helmet Sample,24,Scroll of Knowledge,28,0
129,C/ Mail Coif,1,7,0,1,3,16,5,28,0,0,42,0,5,168,0,0,252,0,420,86400,97200,3,2,4,23,167,9,1,4,23,170,11,1,1,4,81,256,1,3,未使用,<po=m>Items: <0> <1>+<br>Items: <2> <3>+ Owned,未使用,Helmet Sample,9,Scroll of Knowledge,11,0
130,B/ Shampoo Hat,1,7,0,1,3,50,5,36,0,0,54,0,5,216,0,0,324,0,540,86400,97200,3,2,4,23,167,27,1,4,23,170,32,1,1,4,81,257,1,3,未使用,<po=m>Items: <0> <1>+<br>Items: <2> <3>+ Owned,未使用,Helmet Sample,27,Scroll of Knowledge,32,0
131,A/ Kairo Hat,1,7,0,1,2,76,5,48,0,0,72,0,5,192,0,0,288,0,720,86400,108000,2,2,4,23,167,41,1,4,23,170,48,1,1,4,81,258,1,3,未使用,<po=m>Items: <0> <1>+<br>Items: <2> <3>+ Owned,未使用,Helmet Sample,41,Scroll of Knowledge,48,0
132,S/ Royal Crown,1,7,0,1,1,85,5,60,0,0,90,0,5,120,0,0,180,0,900,86400,118800,1,2,4,23,167,46,1,4,23,170,54,1,1,4,81,259,1,3,未使用,<po=m>Items: <0> <1>+<br>Items: <2> <3>+ Owned,未使用,Helmet Sample,46,Scroll of Knowledge,54,0
133,A/ Tiara,1,7,0,1,1,67,5,48,0,0,72,0,5,96,0,0,144,0,720,86400,118800,1,2,4,23,167,36,1,4,23,170,43,1,1,4,81,260,1,3,未使用,<po=m>Items: <0> <1>+<br>Items: <2> <3>+ Owned,未使用,Helmet Sample,36,Scroll of Knowledge,43,0
134,C/ Guard Helmet,1,7,0,1,3,26,5,28,0,0,42,0,5,168,0,0,252,0,420,86400,97200,3,2,4,23,167,14,1,4,23,170,17,1,1,4,81,262,1,3,未使用,<po=m>Items: <0> <1>+<br>Items: <2> <3>+ Owned,未使用,Helmet Sample,14,Scroll of Knowledge,17,0
135,C/ Bronze Headpiece,1,7,0,1,3,33,5,28,0,0,42,0,5,168,0,0,252,0,420,86400,97200,3,2,4,23,167,18,1,4,23,170,21,1,1,4,81,263,1,3,未使用,<po=m>Items: <0> <1>+<br>Items: <2> <3>+ Owned,未使用,Helmet Sample,18,Scroll of Knowledge,21,0
136,C/ Helmet,1,7,0,1,3,40,5,28,0,0,42,0,5,168,0,0,252,0,420,86400,97200,3,2,4,23,167,21,1,4,23,170,25,1,1,4,81,264,1,3,未使用,<po=m>Items: <0> <1>+<br>Items: <2> <3>+ Owned,未使用,Helmet Sample,21,Scroll of Knowledge,25,0
137,B/ Iron Mask,1,7,0,1,3,47,5,36,0,0,54,0,5,216,0,0,324,0,540,86400,97200,3,2,4,23,167,25,1,4,23,170,30,1,1,4,81,265,1,3,未使用,<po=m>Items: <0> <1>+<br>Items: <2> <3>+ Owned,未使用,Helmet Sample,25,Scroll of Knowledge,30,0
138,B/ Iron Headpiece,1,7,0,1,3,54,5,36,0,0,54,0,5,216,0,0,324,0,540,86400,97200,3,2,4,23,167,29,1,4,23,170,34,1,1,4,81,266,1,3,未使用,<po=m>Items: <0> <1>+<br>Items: <2> <3>+ Owned,未使用,Helmet Sample,29,Scroll of Knowledge,34,0
139,A/ Black Headpiece,1,7,0,1,2,74,5,48,0,0,72,0,5,192,0,0,288,0,720,86400,108000,2,2,4,23,167,40,1,4,23,170,47,1,1,4,81,267,1,3,未使用,<po=m>Items: <0> <1>+<br>Items: <2> <3>+ Owned,未使用,Helmet Sample,40,Scroll of Knowledge,47,0
140,S/ Golden Headpiece,1,7,0,1,1,81,5,60,0,0,90,0,5,120,0,0,180,0,900,86400,118800,1,2,4,23,167,44,1,4,23,170,52,1,1,4,81,268,1,3,未使用,<po=m>Items: <0> <1>+<br>Items: <2> <3>+ Owned,未使用,Helmet Sample,44,Scroll of Knowledge,52,0
141,A/ Dragon Headpiece,1,7,0,1,2,71,5,48,0,0,72,0,5,192,0,0,288,0,720,86400,108000,2,2,4,23,167,38,1,4,23,170,45,1,1,4,81,269,1,3,未使用,<po=m>Items: <0> <1>+<br>Items: <2> <3>+ Owned,未使用,Helmet Sample,38,Scroll of Knowledge,45,0
142,A/ Robot Helmet,1,7,0,1,2,67,5,48,0,0,72,0,5,192,0,0,288,0,720,86400,108000,2,2,4,23,167,36,1,4,23,170,43,1,1,4,81,270,1,3,未使用,<po=m>Items: <0> <1>+<br>Items: <2> <3>+ Owned,未使用,Helmet Sample,36,Scroll of Knowledge,43,0
143,C/ Amulet,1,8,0,1,3,7,5,0,0,0,35,14,5,0,0,0,210,84,420,86400,97200,3,2,4,23,168,5,1,4,23,170,5,1,1,4,81,273,1,3,未使用,<po=m>Items: <0> <1>+<br>Items: <2> <3>+ Owned,未使用,Accessory Sample,5,Scroll of Knowledge,5,0
144,B/ Blue Pendant,1,8,0,1,3,18,5,0,0,0,45,18,5,0,0,0,270,108,540,86400,97200,3,2,4,23,168,11,1,4,23,170,12,1,1,4,81,274,1,3,未使用,<po=m>Items: <0> <1>+<br>Items: <2> <3>+ Owned,未使用,Accessory Sample,11,Scroll of Knowledge,12,0
145,A/ Red Pendant,1,8,0,1,2,44,5,0,0,0,60,24,5,0,0,0,240,96,720,86400,108000,2,2,4,23,168,25,1,4,23,170,29,1,1,4,81,275,1,3,未使用,<po=m>Items: <0> <1>+<br>Items: <2> <3>+ Owned,未使用,Accessory Sample,25,Scroll of Knowledge,29,0
146,S/ Golden Pendant,1,8,0,1,1,71,5,0,0,0,75,30,5,0,0,0,150,60,900,86400,118800,1,2,4,23,168,39,1,4,23,170,46,1,1,4,81,276,1,3,未使用,<po=m>Items: <0> <1>+<br>Items: <2> <3>+ Owned,未使用,Accessory Sample,39,Scroll of Knowledge,46,0
147,C/ Magic Pendant,1,8,0,1,3,8,5,0,0,0,35,14,5,0,0,0,210,84,420,86400,97200,3,2,4,23,168,5,1,4,23,170,6,1,1,4,81,277,1,3,未使用,<po=m>Items: <0> <1>+<br>Items: <2> <3>+ Owned,未使用,Accessory Sample,5,Scroll of Knowledge,6,0
148,B/ Golden Bracelet,1,8,0,1,3,20,5,0,0,0,45,18,5,0,0,0,270,108,540,86400,97200,3,2,4,23,168,12,1,4,23,170,13,1,1,4,81,278,1,3,未使用,<po=m>Items: <0> <1>+<br>Items: <2> <3>+ Owned,未使用,Accessory Sample,12,Scroll of Knowledge,13,0
149,C/ Wristband,1,8,0,1,3,10,5,0,0,0,35,14,5,0,0,0,210,84,420,86400,97200,3,2,4,23,168,6,1,4,23,170,7,1,1,4,81,280,1,3,未使用,<po=m>Items: <0> <1>+<br>Items: <2> <3>+ Owned,未使用,Accessory Sample,6,Scroll of Knowledge,7,0
150,S/ Gold Medal,1,8,0,1,1,75,5,0,0,0,75,30,5,0,0,0,150,60,900,86400,118800,1,2,4,23,168,41,1,4,23,170,48,1,1,4,81,281,1,3,未使用,<po=m>Items: <0> <1>+<br>Items: <2> <3>+ Owned,未使用,Accessory Sample,41,Scroll of Knowledge,48,0
151,B/ Collar,1,8,0,1,3,21,5,0,0,0,45,18,5,0,0,0,270,108,540,86400,97200,3,2,4,23,168,12,1,4,23,170,14,1,1,4,81,283,1,3,未使用,<po=m>Items: <0> <1>+<br>Items: <2> <3>+ Owned,未使用,Accessory Sample,12,Scroll of Knowledge,14,0
152,A/ Golden Collar,1,8,0,1,2,47,5,0,0,0,60,24,5,0,0,0,240,96,720,86400,108000,2,2,4,23,168,26,1,4,23,170,31,1,1,4,81,284,1,3,未使用,<po=m>Items: <0> <1>+<br>Items: <2> <3>+ Owned,未使用,Accessory Sample,26,Scroll of Knowledge,31,0
153,C/ Pearl Ring,1,8,0,1,3,11,5,0,0,0,35,14,5,0,0,0,210,84,420,86400,97200,3,2,4,23,168,7,1,4,23,170,7,1,1,4,81,286,1,3,未使用,<po=m>Items: <0> <1>+<br>Items: <2> <3>+ Owned,未使用,Accessory Sample,7,Scroll of Knowledge,7,0
154,B/ Silver Ring,1,8,0,1,3,22,5,0,0,0,45,18,5,0,0,0,270,108,540,86400,97200,3,2,4,23,168,13,1,4,23,170,15,1,1,4,81,287,1,3,未使用,<po=m>Items: <0> <1>+<br>Items: <2> <3>+ Owned,未使用,Accessory Sample,13,Scroll of Knowledge,15,0
155,A/ Light Ring,1,8,0,1,2,51,5,0,0,0,60,24,5,0,0,0,240,96,720,86400,108000,2,2,4,23,168,28,1,4,23,170,33,1,1,4,81,288,1,3,未使用,<po=m>Items: <0> <1>+<br>Items: <2> <3>+ Owned,未使用,Accessory Sample,28,Scroll of Knowledge,33,0
156,S/ Golden Ring,1,8,0,1,1,78,5,0,0,0,75,30,5,0,0,0,150,60,900,86400,118800,1,2,4,23,168,42,1,4,23,170,50,1,1,4,81,289,1,3,未使用,<po=m>Items: <0> <1>+<br>Items: <2> <3>+ Owned,未使用,Accessory Sample,42,Scroll of Knowledge,50,0
157,C/ Gloves,1,8,0,1,3,12,5,0,0,0,35,14,5,0,0,0,210,84,420,86400,97200,3,2,4,23,168,7,1,4,23,170,8,1,1,4,81,290,1,3,未使用,<po=m>Items: <0> <1>+<br>Items: <2> <3>+ Owned,未使用,Accessory Sample,7,Scroll of Knowledge,8,0
158,B/ Leather Gloves,1,8,0,1,3,24,5,0,0,0,45,18,5,0,0,0,270,108,540,86400,97200,3,2,4,23,168,14,1,4,23,170,16,1,1,4,81,291,1,3,未使用,<po=m>Items: <0> <1>+<br>Items: <2> <3>+ Owned,未使用,Accessory Sample,14,Scroll of Knowledge,16,0
159,A/ Silk Gloves,1,8,0,1,2,54,5,0,0,0,60,24,5,0,0,0,240,96,720,86400,108000,2,2,4,23,168,30,1,4,23,170,35,1,1,4,81,292,1,3,未使用,<po=m>Items: <0> <1>+<br>Items: <2> <3>+ Owned,未使用,Accessory Sample,30,Scroll of Knowledge,35,0
160,B/ Silver Earrings,1,8,0,1,3,27,5,0,0,0,45,18,5,0,0,0,270,108,540,86400,97200,3,2,4,23,168,15,1,4,23,170,18,1,1,4,81,293,1,3,未使用,<po=m>Items: <0> <1>+<br>Items: <2> <3>+ Owned,未使用,Accessory Sample,15,Scroll of Knowledge,18,0
161,A/ Golden Earrings,1,8,0,1,2,57,5,0,0,0,60,24,5,0,0,0,240,96,720,86400,108000,2,2,4,23,168,31,1,4,23,170,37,1,1,4,81,294,1,3,未使用,<po=m>Items: <0> <1>+<br>Items: <2> <3>+ Owned,未使用,Accessory Sample,31,Scroll of Knowledge,37,0
162,S/ Royal Earrings,1,8,0,1,1,81,5,0,0,0,75,30,5,0,0,0,150,60,900,86400,118800,1,2,4,23,168,44,1,4,23,170,52,1,1,4,81,295,1,3,未使用,<po=m>Items: <0> <1>+<br>Items: <2> <3>+ Owned,未使用,Accessory Sample,44,Scroll of Knowledge,52,0
163,A/ Silver Boots,1,8,0,1,2,61,5,0,0,0,60,24,5,0,0,0,240,96,720,86400,108000,2,2,4,23,168,33,1,4,23,170,39,1,1,4,81,299,1,3,未使用,<po=m>Items: <0> <1>+<br>Items: <2> <3>+ Owned,未使用,Accessory Sample,33,Scroll of Knowledge,39,0
164,B/ Boots,1,8,0,1,3,30,5,0,0,0,45,18,5,0,0,0,270,108,540,86400,97200,3,2,4,23,168,17,1,4,23,170,20,1,1,4,81,300,1,3,未使用,<po=m>Items: <0> <1>+<br>Items: <2> <3>+ Owned,未使用,Accessory Sample,17,Scroll of Knowledge,20,0
165,S/ Winged Sandals,1,8,0,1,1,85,5,0,0,0,75,30,5,0,0,0,150,60,900,86400,118800,1,2,4,23,168,46,1,4,23,170,54,1,1,4,81,301,1,3,未使用,<po=m>Items: <0> <1>+<br>Items: <2> <3>+ Owned,未使用,Accessory Sample,46,Scroll of Knowledge,54,0
166,C/ Candle,1,8,0,1,3,14,5,0,0,0,35,14,5,0,0,0,210,84,420,86400,97200,3,2,4,23,168,8,1,4,23,170,9,1,1,4,81,302,1,3,未使用,<po=m>Items: <0> <1>+<br>Items: <2> <3>+ Owned,未使用,Accessory Sample,8,Scroll of Knowledge,9,0
167,B/ Charm,1,8,0,1,3,34,5,0,0,0,45,18,5,0,0,0,270,108,540,86400,97200,3,2,4,23,168,19,1,4,23,170,22,1,1,4,81,303,1,3,未使用,<po=m>Items: <0> <1>+<br>Items: <2> <3>+ Owned,未使用,Accessory Sample,19,Scroll of Knowledge,22,0
168,A/ Golden Bell,1,8,0,1,2,64,5,0,0,0,60,24,5,0,0,0,240,96,720,86400,108000,2,2,4,23,168,35,1,4,23,170,41,1,1,4,81,304,1,3,未使用,<po=m>Items: <0> <1>+<br>Items: <2> <3>+ Owned,未使用,Accessory Sample,35,Scroll of Knowledge,41,0
169,B/ Red Ribbon,1,8,0,1,3,37,5,0,0,0,45,18,5,0,0,0,270,108,540,86400,97200,3,2,4,23,168,20,1,4,23,170,24,1,1,4,81,305,1,3,未使用,<po=m>Items: <0> <1>+<br>Items: <2> <3>+ Owned,未使用,Accessory Sample,20,Scroll of Knowledge,24,0
170,A/ Ribbon,1,8,0,1,2,67,5,0,0,0,60,24,5,0,0,0,240,96,720,86400,108000,2,2,4,23,168,36,1,4,23,170,43,1,1,4,81,306,1,3,未使用,<po=m>Items: <0> <1>+<br>Items: <2> <3>+ Owned,未使用,Accessory Sample,36,Scroll of Knowledge,43,0
171,C/ Wooden Carving,1,8,0,1,3,15,5,0,0,0,35,14,5,0,0,0,210,84,420,86400,97200,3,2,4,23,168,9,1,4,23,170,10,1,1,4,81,307,1,3,未使用,<po=m>Items: <0> <1>+<br>Items: <2> <3>+ Owned,未使用,Accessory Sample,9,Scroll of Knowledge,10,0
172,C/ Cloth Bag,1,8,0,1,3,16,5,0,0,0,35,14,5,0,0,0,210,84,420,86400,97200,3,2,4,23,168,9,1,4,23,170,11,1,1,4,81,308,1,3,未使用,<po=m>Items: <0> <1>+<br>Items: <2> <3>+ Owned,未使用,Accessory Sample,9,Scroll of Knowledge,11,0
173,B/ Gold Bag,1,8,0,1,3,40,5,0,0,0,45,18,5,0,0,0,270,108,540,86400,97200,3,2,4,23,168,22,1,4,23,170,26,1,1,4,81,309,1,3,未使用,<po=m>Items: <0> <1>+<br>Items: <2> <3>+ Owned,未使用,Accessory Sample,22,Scroll of Knowledge,26,0
174,S/ Sally Prin Figure,1,8,0,1,1,88,5,0,0,0,75,30,5,0,0,0,150,60,900,86400,118800,1,2,4,23,168,47,1,4,23,170,56,1,1,4,81,310,1,3,未使用,<po=m>Items: <0> <1>+<br>Items: <2> <3>+ Owned,未使用,Accessory Sample,47,Scroll of Knowledge,56,0
175,Land (S),0,1,1,1,999,999,5,1,3,0,0,0,5,100,300,0,0,0,60,259200,21600,-1,1,3,15,1000,1,,,,,,,1,4,35,29,2,1,未使用,Let's get researching!,未使用,Sturdy Board,0,Copper Coin,1,1
176,Land (M),0,1,1,1,999,13,5,0,15,0,5,0,5,0,1500,0,500,0,300,259200,21600,-1,2,4,23,76,18,1,3,90,285,1,,1,4,35,30,2,1,未使用,<po=m>Items: <0> <1>+<br>Items: <2> <3>+ Owned,未使用,Large Nail,18,Copper Coin,285,0
177,Land (L),0,1,1,1,999,21,5,0,30,0,10,0,5,0,3000,0,1000,0,600,259200,21600,-1,2,4,23,77,31,1,3,90,1125,1,,1,4,35,31,2,1,未使用,<po=m>Items: <0> <1>+<br>Items: <2> <3>+ Owned,未使用,Strong Rope,31,Copper Coin,1125,0
178,Land (XL),0,1,1,1,999,34,5,0,60,0,20,0,5,0,6000,0,2000,0,1200,259200,21600,-1,2,4,23,78,51,1,3,90,3645,1,,1,4,35,32,2,1,未使用,<po=m>Items: <0> <1>+<br>Items: <2> <3>+ Owned,未使用,High Grade Brick,51,Copper Coin,3645,0
179,Footpath,0,4,1,1,999,999,5,1,3,0,0,0,5,100,300,0,0,0,60,259200,21600,-1,1,3,15,1000,1,,,,,,,1,4,35,33,25,1,未使用,Let's get researching!,未使用,Sturdy Board,0,Copper Coin,1,0
180,Road,0,4,1,1,999,12,5,0,20,0,10,0,5,0,2000,0,1000,0,300,259200,21600,-1,2,4,23,76,16,1,3,90,175,1,,1,4,35,34,25,1,未使用,<po=m>Items: <0> <1>+<br>Items: <2> <3>+ Owned,未使用,Large Nail,16,Copper Coin,175,0
181,Bridge,0,4,1,1,999,16,5,5,25,0,0,0,5,500,2500,0,0,0,300,259200,21600,-1,2,4,23,77,22,1,3,90,300,1,,1,4,35,36,25,1,未使用,<po=m>Items: <0> <1>+<br>Items: <2> <3>+ Owned,未使用,Strong Rope,22,Copper Coin,300,0
182,Torch,0,1,0,1,10,12,5,3,9,0,0,0,5,60,180,0,0,0,180,86400,21600,10,2,4,23,78,20,1,3,90,135,1,,1,4,35,79,1,1,未使用,<po=m>Items: <0> <1>+<br>Items: <2> <3>+ Owned,未使用,High Grade Brick,20,Copper Coin,135,0
183,Nighttime Meeting Place,0,1,0,1,10,20,5,6,18,0,0,0,5,120,360,0,0,0,360,86400,21600,10,2,4,23,75,31,1,3,90,1265,1,,1,4,35,80,1,1,未使用,<po=m>Items: <0> <1>+<br>Items: <2> <3>+ Owned,未使用,Sturdy Board,31,Copper Coin,1265,0
184,Low Watchtower,0,1,0,1,10,32,5,12,36,0,0,0,5,240,720,0,0,0,720,86400,21600,10,2,4,23,76,49,1,3,90,5550,1,,1,4,35,81,1,1,未使用,<po=m>Items: <0> <1>+<br>Items: <2> <3>+ Owned,未使用,Large Nail,49,Copper Coin,5550,0
185,Turret,0,1,0,1,10,50,5,18,54,0,0,0,5,360,1080,0,0,0,1080,86400,21600,10,2,4,23,77,75,1,3,90,9999,1,,1,4,35,82,1,1,未使用,<po=m>Items: <0> <1>+<br>Items: <2> <3>+ Owned,未使用,Strong Rope,75,Copper Coin,9999,0
186,Storehouse (Grass),0,0,1,1,999,999,5,1,3,0,0,0,5,100,300,0,0,0,60,259200,21600,-1,1,3,15,1000,1,,,,,,,1,4,35,84,2,1,未使用,Let's get researching!,未使用,High Grade Brick,0,Copper Coin,1,0
187,Storehouse (Wood),0,0,1,1,999,999,5,2,6,0,0,0,5,200,600,0,0,0,120,259200,21600,-1,1,3,15,1000,1,,,,,,,1,4,35,85,2,1,未使用,Let's get researching!,未使用,Sturdy Board,0,Copper Coin,1,0
188,Storehouse (Food),0,0,1,1,999,999,5,0,9,3,0,0,5,0,900,300,0,0,180,259200,21600,-1,1,3,15,1000,1,,,,,,,1,4,35,86,2,1,未使用,Let's get researching!,未使用,Large Nail,0,Copper Coin,1,0
189,Storehouse (Ore),0,0,1,1,999,999,5,0,12,0,4,0,5,0,1200,0,400,0,240,259200,21600,-1,1,3,15,1000,1,,,,,,,1,4,35,87,2,1,未使用,Let's get researching!,未使用,Strong Rope,0,Copper Coin,1,0
190,Storehouse (Mystic Ore),0,0,1,1,999,999,5,0,15,0,0,5,5,0,1500,0,0,500,300,259200,21600,-1,1,3,15,1000,1,,,,,,,1,4,35,88,2,1,未使用,Let's get researching!,未使用,High Grade Brick,0,Copper Coin,1,0
191,Storehouse (Items),0,0,1,1,999,999,5,0,3,0,1,0,5,0,300,0,100,0,60,259200,21600,-1,1,3,15,1000,1,,,,,,,1,4,35,89,2,1,未使用,Let's get researching!,未使用,Sturdy Board,0,Copper Coin,1,0
192,Storehouse (Energy),0,0,1,1,999,999,5,0,9,0,3,0,5,0,900,0,300,0,180,259200,21600,-1,1,3,15,1000,1,,,,,,,1,4,35,90,1,1,未使用,Let's get researching!,未使用,Large Nail,0,Copper Coin,1,0
193,Storehouse (Treasure),0,0,1,1,999,999,5,0,6,0,2,0,5,0,600,0,200,0,120,259200,21600,-1,1,3,15,1000,1,,,,,,,1,4,35,91,2,1,未使用,Let's get researching!,未使用,Strong Rope,0,Copper Coin,1,0
194,Field,0,1,0,1,10,999,5,3,5,0,0,0,5,60,100,0,0,0,60,86400,21600,10,1,3,15,1000,1,,,,,,,1,4,35,92,1,1,未使用,Let's get researching!,未使用,High Grade Brick,0,Copper Coin,1,0
195,Plantation,0,1,0,1,10,999,5,4,12,0,0,0,5,80,240,0,0,0,120,86400,21600,10,1,3,15,1000,1,,,,,,,1,4,35,93,1,1,未使用,Let's get researching!,未使用,Sturdy Board,0,Copper Coin,1,0
196,Canal,0,1,0,1,999,999,5,5,15,0,0,0,5,500,1500,0,0,0,300,259200,21600,-1,1,3,15,1000,1,,,,,,,1,4,35,94,5,1,未使用,Let's get researching!,未使用,Large Nail,0,Copper Coin,1,0
197,Farm,0,9,1,1,10,999,5,3,9,0,0,0,5,60,180,0,0,0,180,86400,21600,10,1,3,15,1000,1,,,,,,,1,4,35,95,1,1,未使用,Let's get researching!,未使用,Strong Rope,0,Copper Coin,1,0
198,Mine: Ore,0,1,0,1,5,16,5,0,12,0,20,0,5,0,240,0,400,0,240,86400,75600,5,2,4,23,78,22,1,3,90,320,1,,1,4,35,96,1,1,未使用,<po=m>Items: <0> <1>+<br>Items: <2> <3>+ Owned,未使用,High Grade Brick,22,Copper Coin,320,0
199,Mine: Mystic Ore,0,1,0,1,5,20,5,0,0,0,25,30,5,0,0,0,500,600,300,86400,75600,5,2,4,23,75,27,1,3,90,510,1,,1,4,35,97,1,1,未使用,<po=m>Items: <0> <1>+<br>Items: <2> <3>+ Owned,未使用,Sturdy Board,27,Copper Coin,510,0
200,Mine: Energy,0,2,1,1,5,999,5,0,0,0,12,6,5,0,0,0,240,120,180,86400,75600,5,1,3,15,1000,1,,,,,,,1,4,35,98,1,1,未使用,Let's get researching!,未使用,Large Nail,0,Copper Coin,1,0
201,Wall: Fence,0,3,1,1,999,4,5,0,1,0,1,0,5,0,100,0,100,0,60,259200,21600,-1,2,4,23,77,4,1,3,90,10,1,,1,4,35,99,25,1,未使用,<po=m>Items: <0> <1>+<br>Items: <2> <3>+ Owned,未使用,Strong Rope,4,Copper Coin,10,0
202,Wall: Wood,0,3,1,1,999,13,5,0,6,0,3,0,5,0,600,0,300,0,180,259200,21600,-1,2,4,23,78,17,1,3,90,175,1,,1,4,35,100,25,1,未使用,<po=m>Items: <0> <1>+<br>Items: <2> <3>+ Owned,未使用,High Grade Brick,17,Copper Coin,175,0
203,Defensive Wall,0,3,1,1,999,26,5,0,15,0,5,0,5,0,1500,0,500,0,300,259200,21600,-1,2,4,23,75,36,1,3,90,1185,1,,1,4,35,101,25,1,未使用,<po=m>Items: <0> <1>+<br>Items: <2> <3>+ Owned,未使用,Sturdy Board,36,Copper Coin,1185,0
204,Castle Wall,0,3,1,1,999,37,5,0,24,0,6,0,5,0,2400,0,600,0,360,259200,21600,-1,2,4,23,76,52,1,3,90,3030,1,,1,4,35,102,25,1,未使用,<po=m>Items: <0> <1>+<br>Items: <2> <3>+ Owned,未使用,Large Nail,52,Copper Coin,3030,0
205,Gate,0,3,1,1,25,7,5,10,20,0,0,0,5,200,400,0,0,0,120,86400,3600,25,2,4,23,77,9,1,3,90,35,1,,1,4,35,103,1,1,未使用,<po=m>Items: <0> <1>+<br>Items: <2> <3>+ Owned,未使用,Strong Rope,9,Copper Coin,35,0
206,Temporary Shelter,0,1,0,1,15,4,5,1,3,0,0,0,5,20,60,0,0,0,60,86400,3600,15,2,4,23,78,4,1,3,90,10,1,,1,4,35,106,1,1,未使用,<po=m>Items: <0> <1>+<br>Items: <2> <3>+ Owned,未使用,High Grade Brick,4,Copper Coin,10,0
207,Outdoor Treasure Lab,0,1,0,1,20,7,5,0,6,0,2,0,5,0,120,0,40,0,120,86400,3600,20,2,4,23,75,9,1,3,90,40,1,,1,4,35,107,1,1,未使用,<po=m>Items: <0> <1>+<br>Items: <2> <3>+ Owned,未使用,Sturdy Board,9,Copper Coin,40,0
208,Outdoor Research Lab,0,1,0,1,5,999,5,3,5,0,0,0,5,60,100,0,0,0,60,86400,75600,5,1,3,15,1000,1,,,,,,,1,4,35,108,1,1,未使用,Let's get researching!,未使用,Large Nail,0,Copper Coin,1,1
209,Wagon Yard,0,1,0,1,10,15,5,3,9,0,0,0,5,60,180,0,0,0,180,86400,21600,10,2,4,23,77,20,1,3,90,185,1,,1,4,35,109,1,1,未使用,<po=m>Items: <0> <1>+<br>Items: <2> <3>+ Owned,未使用,Strong Rope,20,Copper Coin,185,0
210,Stables,0,1,0,1,50,12,5,12,12,0,0,0,5,240,240,0,0,0,240,259200,3600,50,2,4,23,78,17,1,3,90,230,1,,1,4,35,110,1,1,未使用,<po=m>Items: <0> <1>+<br>Items: <2> <3>+ Owned,未使用,High Grade Brick,17,Copper Coin,230,0
211,Wasteland Guide,0,1,0,1,10,15,5,10,20,0,0,0,5,200,400,0,0,0,300,86400,21600,10,2,4,23,75,20,1,3,90,260,1,,1,4,35,111,1,1,未使用,<po=m>Items: <0> <1>+<br>Items: <2> <3>+ Owned,未使用,Sturdy Board,20,Copper Coin,260,0
212,Well,0,1,0,1,20,999,5,0,3,0,3,0,5,0,60,0,60,0,60,86400,3600,20,1,3,15,1000,1,,,,,,,1,4,35,112,1,1,未使用,Let's get researching!,未使用,Large Nail,0,Copper Coin,1,0
213,Rejuvenation Spring,0,1,0,1,20,14,5,3,9,0,0,0,5,60,180,0,0,0,180,86400,3600,20,2,4,23,77,18,1,3,90,160,1,,1,4,35,113,1,1,未使用,<po=m>Items: <0> <1>+<br>Items: <2> <3>+ Owned,未使用,Strong Rope,18,Copper Coin,160,0
214,Monster Statue,0,1,0,1,10,12,5,2,6,0,0,0,5,40,120,0,0,0,120,86400,21600,10,2,4,23,78,16,1,3,90,120,1,,1,4,35,114,1,1,未使用,<po=m>Items: <0> <1>+<br>Items: <2> <3>+ Owned,未使用,High Grade Brick,16,Copper Coin,120,0
215,Monster-Repelling Orb,0,1,0,1,10,16,5,3,9,0,0,0,5,60,180,0,0,0,180,86400,21600,10,2,4,23,75,21,1,3,90,240,1,,1,4,35,115,1,1,未使用,<po=m>Items: <0> <1>+<br>Items: <2> <3>+ Owned,未使用,Sturdy Board,21,Copper Coin,240,0
216,Monster-Repelling Sword,0,1,0,1,10,19,5,3,9,0,0,0,5,60,180,0,0,0,180,86400,21600,10,2,4,23,76,25,1,3,90,310,1,,1,4,35,116,1,1,未使用,<po=m>Items: <0> <1>+<br>Items: <2> <3>+ Owned,未使用,Large Nail,25,Copper Coin,310,0
217,Monster-Repelling Slate,0,1,0,1,10,21,5,4,12,0,0,0,5,80,240,0,0,0,240,86400,21600,10,2,4,23,77,28,1,3,90,455,1,,1,4,35,117,1,1,未使用,<po=m>Items: <0> <1>+<br>Items: <2> <3>+ Owned,未使用,Strong Rope,28,Copper Coin,455,0
218,Windmill,0,1,0,1,5,35,5,4,12,0,0,0,5,80,240,0,0,0,240,86400,75600,5,2,4,23,78,47,1,3,90,680,1,,1,4,35,118,1,1,未使用,<po=m>Items: <0> <1>+<br>Items: <2> <3>+ Owned,未使用,High Grade Brick,47,Copper Coin,680,0
219,Goddess Statue,0,1,0,1,10,28,5,5,15,0,0,0,5,100,300,0,0,0,300,86400,21600,10,2,4,23,75,38,1,3,90,635,1,,1,4,35,119,1,1,未使用,<po=m>Items: <0> <1>+<br>Items: <2> <3>+ Owned,未使用,Sturdy Board,38,Copper Coin,635,0
220,Simple Stove,0,1,0,1,15,999,5,1,3,0,0,0,5,20,60,0,0,0,60,86400,3600,15,1,3,15,1000,1,,,,,,,1,4,35,120,1,1,未使用,Let's get researching!,未使用,Large Nail,0,Copper Coin,1,0
221,Bonfire,0,1,0,1,20,10,5,1,3,0,0,0,5,20,60,0,0,0,60,86400,3600,20,2,4,23,77,12,1,3,90,40,1,,1,4,35,121,1,1,未使用,<po=m>Items: <0> <1>+<br>Items: <2> <3>+ Owned,未使用,Strong Rope,12,Copper Coin,40,0
222,Fountain,0,1,0,1,15,17,5,3,9,0,0,0,5,60,180,0,0,0,180,86400,3600,15,2,4,23,78,22,1,3,90,210,1,,1,4,35,122,1,1,未使用,<po=m>Items: <0> <1>+<br>Items: <2> <3>+ Owned,未使用,High Grade Brick,22,Copper Coin,210,0
223,Flowerbed,0,1,0,1,50,7,5,3,3,0,0,0,5,60,60,0,0,0,60,259200,3600,50,2,4,23,75,8,1,3,90,25,1,,1,4,35,123,5,1,未使用,<po=m>Items: <0> <1>+<br>Items: <2> <3>+ Owned,未使用,Sturdy Board,8,Copper Coin,25,0
224,Bushes,0,1,0,1,50,8,5,3,5,0,0,0,5,60,100,0,0,0,60,259200,3600,50,2,4,23,76,10,1,3,90,30,1,,1,4,35,124,5,1,未使用,<po=m>Items: <0> <1>+<br>Items: <2> <3>+ Owned,未使用,Large Nail,10,Copper Coin,30,0
225,Seedlings,0,1,0,1,50,10,5,8,10,0,0,0,5,160,200,0,0,0,120,259200,3600,50,2,4,23,77,13,1,3,90,75,1,,1,4,35,125,5,1,未使用,<po=m>Items: <0> <1>+<br>Items: <2> <3>+ Owned,未使用,Strong Rope,13,Copper Coin,75,0
226,Rest Stop,0,1,0,1,15,999,5,0,4,0,2,0,5,0,80,0,40,0,120,86400,3600,15,1,3,15,1000,1,,,,,,,1,4,35,126,1,1,未使用,Let's get researching!,未使用,High Grade Brick,0,Copper Coin,1,0
227,Expedition Hut,0,1,0,1,5,15,5,0,40,40,0,0,5,0,800,800,0,0,240,86400,75600,5,2,4,23,75,21,1,3,90,345,1,,1,4,35,127,1,1,未使用,<po=m>Items: <0> <1>+<br>Items: <2> <3>+ Owned,未使用,Sturdy Board,21,Copper Coin,345,0
228,Monster Feed,0,9,1,1,5,999,5,6,0,3,0,0,5,120,0,60,0,0,180,86400,75600,5,1,3,15,1000,1,,,,,,,1,4,35,128,1,1,未使用,Let's get researching!,未使用,Large Nail,0,Copper Coin,1,0
229,Thorny Trap,0,1,0,1,25,13,5,0,10,0,10,0,5,0,200,0,200,0,120,86400,3600,25,2,4,23,77,17,1,3,90,105,1,,1,4,35,129,1,1,未使用,<po=m>Items: <0> <1>+<br>Items: <2> <3>+ Owned,未使用,Strong Rope,17,Copper Coin,105,0
230,Bench,0,1,0,1,25,999,5,2,5,0,0,0,5,40,100,0,0,0,60,86400,3600,25,1,3,15,1000,1,,,,,,,1,4,35,130,1,1,未使用,Let's get researching!,未使用,High Grade Brick,0,Copper Coin,1,0
231,Dragon Stables,0,1,0,1,25,999,5,80,80,0,0,0,5,1600,1600,0,0,0,480,86400,3600,25,1,3,15,1000,1,,,,,,,1,4,35,216,1,1,未使用,Let's get researching!,未使用,Sturdy Board,0,Copper Coin,1,0
232,Monster Stables,0,6,1,1,20,999,5,5,15,0,0,0,5,100,300,0,0,0,300,86400,3600,20,1,3,15,1000,1,,,,,,,1,4,35,218,1,1,未使用,Let's get researching!,未使用,Large Nail,0,Copper Coin,1,0
233,Recovery Outpost,0,1,0,1,10,999,5,0,9,15,0,0,5,0,180,300,0,0,180,86400,21600,10,1,3,15,1000,1,,,,,,,1,4,35,224,1,1,未使用,Let's get researching!,未使用,Strong Rope,0,Copper Coin,1,0
234,Friend Bed,0,7,1,1,6,999,5,25,40,0,0,0,5,500,800,0,0,0,300,86400,64800,6,1,3,15,1000,1,,,,,,,1,4,35,243,1,1,未使用,Let's get researching!,未使用,Iron Ore,0,Copper Coin,1,0
235,Guest Bed,0,7,1,1,15,16,5,3,9,0,0,0,5,60,180,0,0,0,180,86400,3600,15,2,4,23,80,23,1,3,90,425,1,,1,4,35,244,1,1,未使用,<po=m>Items: <0> <1>+<br>Items: <2> <3>+ Owned,未使用,Bronze,23,Copper Coin,425,0
236,Double Bed,0,7,1,1,50,999,5,6,10,0,0,0,5,120,200,0,0,0,120,259200,3600,50,1,3,15,1000,1,,,,,,,1,4,35,134,1,1,未使用,Let's get researching!,未使用,Gold Bar,0,Copper Coin,1,0
237,Red Carpet,0,8,1,1,50,6,5,1,3,0,0,0,5,20,60,0,0,0,60,259200,3600,50,2,4,23,82,7,1,3,90,20,1,,1,4,35,135,10,1,未使用,<po=m>Items: <0> <1>+<br>Items: <2> <3>+ Owned,未使用,Silk Cloth,7,Copper Coin,20,0
238,Fluffy Carpet,0,8,1,1,50,11,5,2,6,0,0,0,5,40,120,0,0,0,120,259200,3600,50,2,4,23,83,14,1,3,90,95,1,,1,4,35,136,10,1,未使用,<po=m>Items: <0> <1>+<br>Items: <2> <3>+ Owned,未使用,Strong Cloth,14,Copper Coin,95,0
239,Black Mat,0,8,1,1,50,16,5,3,9,0,0,0,5,60,180,0,0,0,180,259200,3600,50,2,4,23,84,21,1,3,90,240,1,,1,4,35,137,10,1,未使用,<po=m>Items: <0> <1>+<br>Items: <2> <3>+ Owned,未使用,Pretty Cloth,21,Copper Coin,240,0
240,Training Room,0,3,0,1,25,8,5,6,10,0,0,0,5,120,200,0,0,0,120,86400,3600,25,2,4,23,79,12,1,3,90,50,1,,1,4,35,159,1,1,未使用,<po=m>Items: <0> <1>+<br>Items: <2> <3>+ Owned,未使用,Iron Ore,12,Copper Coin,50,0
241,Shooting Range,0,3,0,1,25,12,5,9,15,0,0,0,5,180,300,0,0,0,180,86400,3600,25,2,4,23,80,17,1,3,90,210,1,,1,4,35,160,1,1,未使用,<po=m>Items: <0> <1>+<br>Items: <2> <3>+ Owned,未使用,Bronze,17,Copper Coin,210,0
242,Magic Training Ground,0,3,0,1,25,15,5,12,20,0,0,0,5,240,400,0,0,0,240,86400,3600,25,2,4,23,81,22,1,3,90,455,1,,1,4,35,161,1,1,未使用,<po=m>Items: <0> <1>+<br>Items: <2> <3>+ Owned,未使用,Gold Bar,22,Copper Coin,455,0
243,Ore Workbench,0,3,0,1,10,17,5,0,12,0,20,0,5,0,240,0,400,0,240,86400,21600,10,2,4,23,82,24,1,3,90,475,1,,1,4,35,162,1,1,未使用,<po=m>Items: <0> <1>+<br>Items: <2> <3>+ Owned,未使用,Silk Cloth,24,Copper Coin,475,0
244,Desk,0,3,0,1,50,9,5,6,15,0,0,0,5,120,300,0,0,0,180,259200,3600,50,2,4,23,83,11,1,3,90,55,1,,1,4,35,163,2,1,未使用,<po=m>Items: <0> <1>+<br>Items: <2> <3>+ Owned,未使用,Strong Cloth,11,Copper Coin,55,0
245,Dining Table,0,3,0,1,50,11,5,2,10,0,0,0,5,40,200,0,0,0,120,259200,3600,50,2,4,23,84,14,1,3,90,65,1,,1,4,35,164,2,1,未使用,<po=m>Items: <0> <1>+<br>Items: <2> <3>+ Owned,未使用,Pretty Cloth,14,Copper Coin,65,0
246,Couch,0,3,0,1,50,14,5,10,6,0,0,0,5,200,120,0,0,0,120,259200,3600,50,2,4,23,79,18,1,3,90,85,1,,1,4,35,165,2,1,未使用,<po=m>Items: <0> <1>+<br>Items: <2> <3>+ Owned,未使用,Iron Ore,18,Copper Coin,85,0
247,Chair,0,3,0,1,50,16,5,3,15,0,0,0,5,60,300,0,0,0,180,259200,3600,50,2,4,23,80,21,1,3,90,140,1,,1,4,35,166,2,1,未使用,<po=m>Items: <0> <1>+<br>Items: <2> <3>+ Owned,未使用,Bronze,21,Copper Coin,140,0
248,Rainwater Barrel,0,3,0,1,50,9,5,0,3,2,0,0,5,0,60,40,0,0,60,259200,3600,50,2,4,23,81,11,1,3,90,30,1,,1,4,35,167,2,1,未使用,<po=m>Items: <0> <1>+<br>Items: <2> <3>+ Owned,未使用,Gold Bar,11,Copper Coin,30,0
249,Tool Workshop,0,3,0,1,10,14,5,0,15,0,9,0,5,0,300,0,180,0,180,86400,21600,10,2,4,23,82,19,1,3,90,210,1,,1,4,35,168,1,1,未使用,<po=m>Items: <0> <1>+<br>Items: <2> <3>+ Owned,未使用,Silk Cloth,19,Copper Coin,210,0
250,Candle,0,3,0,1,20,8,5,10,0,0,4,0,5,200,0,0,80,0,120,86400,3600,20,2,4,23,83,10,1,3,90,40,1,,1,4,35,169,2,1,未使用,<po=m>Items: <0> <1>+<br>Items: <2> <3>+ Owned,未使用,Strong Cloth,10,Copper Coin,40,0
251,Tree Nursery,0,3,0,1,10,17,5,18,24,0,0,0,5,360,480,0,0,0,180,86400,21600,10,2,4,23,84,23,1,3,90,275,1,,1,4,35,170,1,1,未使用,<po=m>Items: <0> <1>+<br>Items: <2> <3>+ Owned,未使用,Pretty Cloth,23,Copper Coin,275,0
252,Decorative Armor,0,3,0,1,50,18,5,0,10,0,6,0,5,0,200,0,120,0,120,259200,3600,50,2,4,23,79,24,1,3,90,210,1,,1,4,35,171,2,1,未使用,<po=m>Items: <0> <1>+<br>Items: <2> <3>+ Owned,未使用,Iron Ore,24,Copper Coin,210,0
253,Dresser,0,3,0,1,50,12,5,6,10,0,0,0,5,120,200,0,0,0,120,259200,3600,50,2,4,23,80,18,1,3,90,175,1,,1,4,35,172,2,1,未使用,<po=m>Items: <0> <1>+<br>Items: <2> <3>+ Owned,未使用,Bronze,18,Copper Coin,175,0
254,Cooking Counter,0,3,0,1,50,16,5,0,9,0,12,0,5,0,180,0,240,0,180,259200,3600,50,2,4,23,81,21,1,3,90,240,1,,1,4,35,173,2,1,未使用,<po=m>Items: <0> <1>+<br>Items: <2> <3>+ Owned,未使用,Gold Bar,21,Copper Coin,240,0
255,Shelf,0,3,0,1,50,13,5,6,10,0,0,0,5,120,200,0,0,0,120,259200,3600,50,2,4,23,82,16,1,3,90,75,1,,1,4,35,174,2,1,未使用,<po=m>Items: <0> <1>+<br>Items: <2> <3>+ Owned,未使用,Silk Cloth,16,Copper Coin,75,0
256,Bookshelf,0,3,0,1,50,14,5,12,24,0,0,0,5,240,480,0,0,0,180,259200,3600,50,2,4,23,83,19,1,3,90,210,1,,1,4,35,175,2,1,未使用,<po=m>Items: <0> <1>+<br>Items: <2> <3>+ Owned,未使用,Strong Cloth,19,Copper Coin,210,0
257,Chest of Drawers,0,3,0,1,50,18,5,12,20,0,0,0,5,240,400,0,0,0,240,259200,3600,50,2,4,23,84,25,1,3,90,455,1,,1,4,35,176,2,1,未使用,<po=m>Items: <0> <1>+<br>Items: <2> <3>+ Owned,未使用,Pretty Cloth,25,Copper Coin,455,0
258,Kitchen Shelves,0,3,0,1,50,22,5,3,9,0,0,0,5,60,180,0,0,0,180,259200,3600,50,2,4,23,79,30,1,3,90,595,1,,1,4,35,177,2,1,未使用,<po=m>Items: <0> <1>+<br>Items: <2> <3>+ Owned,未使用,Iron Ore,30,Copper Coin,595,0
259,Flower Vase,0,3,0,1,50,10,5,5,2,0,0,0,5,100,40,0,0,0,60,259200,3600,50,2,4,23,80,12,1,3,90,40,1,,1,4,35,178,2,1,未使用,<po=m>Items: <0> <1>+<br>Items: <2> <3>+ Owned,未使用,Bronze,12,Copper Coin,40,0
260,Animal Figurine,0,3,0,1,50,17,5,10,10,0,0,0,5,200,200,0,0,0,120,259200,3600,50,2,4,23,81,24,1,3,90,320,1,,1,4,35,179,2,1,未使用,<po=m>Items: <0> <1>+<br>Items: <2> <3>+ Owned,未使用,Gold Bar,24,Copper Coin,320,0
261,Vanity Mirror,0,3,0,1,50,17,5,0,4,0,8,0,5,0,80,0,160,0,120,259200,3600,50,2,4,23,82,23,1,3,90,230,1,,1,4,35,180,2,1,未使用,<po=m>Items: <0> <1>+<br>Items: <2> <3>+ Owned,未使用,Silk Cloth,23,Copper Coin,230,0
262,Stove,0,3,0,1,50,15,5,0,6,0,6,0,5,0,120,0,120,0,120,259200,3600,50,2,4,23,83,20,1,3,90,165,1,,1,4,35,181,2,1,未使用,<po=m>Items: <0> <1>+<br>Items: <2> <3>+ Owned,未使用,Strong Cloth,20,Copper Coin,165,0
263,Fireplace,0,3,0,1,50,29,5,0,30,0,15,0,5,0,600,0,300,0,180,259200,3600,50,2,4,23,84,39,1,3,90,765,1,,1,4,35,182,2,1,未使用,<po=m>Items: <0> <1>+<br>Items: <2> <3>+ Owned,未使用,Pretty Cloth,39,Copper Coin,765,0
264,Window,0,3,0,1,50,35,5,0,20,0,40,0,5,0,400,0,800,0,240,259200,3600,50,2,4,23,79,46,1,3,90,455,1,,1,4,35,183,2,1,未使用,<po=m>Items: <0> <1>+<br>Items: <2> <3>+ Owned,未使用,Iron Ore,46,Copper Coin,455,0
265,Bathtub,0,3,0,1,50,13,5,8,12,0,0,0,5,160,240,0,0,0,120,259200,3600,50,2,4,23,80,17,1,3,90,105,1,,1,4,35,184,2,1,未使用,<po=m>Items: <0> <1>+<br>Items: <2> <3>+ Owned,未使用,Bronze,17,Copper Coin,105,0
266,Rejuvenating Bath,0,3,0,1,50,16,5,3,9,0,0,0,5,60,180,0,0,0,180,259200,3600,50,2,4,23,81,21,1,3,90,140,1,,1,4,35,185,2,1,未使用,<po=m>Items: <0> <1>+<br>Items: <2> <3>+ Owned,未使用,Gold Bar,21,Copper Coin,140,0
267,Glittering Stone,0,3,0,1,50,26,5,2,6,0,0,0,5,40,120,0,0,0,120,259200,3600,50,2,4,23,82,34,1,3,90,175,1,,1,4,35,186,2,1,未使用,<po=m>Items: <0> <1>+<br>Items: <2> <3>+ Owned,未使用,Silk Cloth,34,Copper Coin,175,0
268,Decorative Plant,0,3,0,1,50,10,5,1,3,0,0,0,5,20,60,0,0,0,60,259200,3600,50,2,4,23,83,12,1,3,90,40,1,,1,4,35,187,2,1,未使用,<po=m>Items: <0> <1>+<br>Items: <2> <3>+ Owned,未使用,Strong Cloth,12,Copper Coin,40,0
269,Tomato,0,3,0,1,50,15,5,0,10,6,0,0,5,0,200,120,0,0,120,259200,3600,50,2,4,23,84,19,1,3,90,50,1,,1,4,35,188,2,1,未使用,<po=m>Items: <0> <1>+<br>Items: <2> <3>+ Owned,未使用,Pretty Cloth,19,Copper Coin,50,0
270,Flowers,0,3,0,1,50,10,5,15,15,0,0,0,5,300,300,0,0,0,180,259200,3600,50,2,4,23,79,13,1,3,90,75,1,,1,4,35,189,2,1,未使用,<po=m>Items: <0> <1>+<br>Items: <2> <3>+ Owned,未使用,Iron Ore,13,Copper Coin,75,0
271,Pansy,0,3,0,1,50,13,5,10,10,0,0,0,5,200,200,0,0,0,120,259200,3600,50,2,4,23,80,17,1,3,90,105,1,,1,4,35,190,2,1,未使用,<po=m>Items: <0> <1>+<br>Items: <2> <3>+ Owned,未使用,Bronze,17,Copper Coin,105,0
272,Study Desk,0,3,0,1,50,23,5,2,6,0,0,0,5,40,120,0,0,0,120,259200,3600,50,2,4,23,81,30,1,3,90,275,1,,1,4,35,191,1,1,未使用,<po=m>Items: <0> <1>+<br>Items: <2> <3>+ Owned,未使用,Gold Bar,30,Copper Coin,275,0
273,Crib,0,3,0,1,20,999,5,5,15,0,0,0,5,100,300,0,0,0,300,86400,3600,20,1,3,15,1000,1,,,,,,,1,4,35,245,1,1,未使用,Let's get researching!,未使用,Silk Cloth,0,Copper Coin,1,0
274,Monster Room,0,6,1,1,30,999,5,5,15,0,0,0,5,100,300,0,0,0,300,172800,3600,30,1,3,15,1000,1,,,,,,,1,4,35,246,1,1,未使用,Let's get researching!,未使用,Strong Cloth,0,Copper Coin,1,0
275,Storehouse (Eggs),0,0,1,1,20,999,5,5,15,0,0,0,5,100,300,0,0,0,300,86400,3600,20,1,3,15,1000,1,,,,,,,1,4,35,256,1,1,未使用,Let's get researching!,未使用,Strong Cloth,0,Copper Coin,1,0
276,Copper Coin Box,0,5,1,1,5,999,5,10,30,0,0,0,5,200,600,0,0,0,600,86400,75600,5,1,3,15,1000,1,,,,,,,1,4,35,248,1,1,未使用,Let's get researching!,未使用,Strong Cloth,0,Copper Coin,1,0
277,Silver Coin Box,0,5,1,1,5,999,5,25,75,0,0,0,5,500,1500,0,0,0,1500,86400,75600,5,1,3,15,1000,1,,,,,,,1,4,35,249,1,1,未使用,Let's get researching!,未使用,Strong Cloth,0,Copper Coin,1,0
278,Gold Coin Box,0,5,1,1,5,999,5,40,120,0,0,0,5,800,2400,0,0,0,2400,86400,75600,5,1,3,15,1000,1,,,,,,,1,4,35,250,1,1,未使用,Let's get researching!,未使用,Strong Cloth,0,Copper Coin,1,0
279,Recovery Potion (S),2,0,0,1,300,4,5,0,0,2,0,1,5,0,0,40,0,20,60,120,60,300,2,4,23,85,3,1,4,23,170,1,1,1,4,23,28,3,3,未使用,<po=m>Items: <0> <1>+<br>Items: <2> <3>+ Owned,未使用,Medicinal Herb,3,Scroll of Knowledge,1,0
280,Small Flute,2,0,0,1,300,6,5,0,0,6,0,1,5,0,0,120,0,20,180,360,60,300,2,4,23,86,7,1,4,23,170,3,1,1,4,23,30,3,3,未使用,<po=m>Items: <0> <1>+<br>Items: <2> <3>+ Owned,未使用,Leaf of Life,7,Scroll of Knowledge,3,0
281,Sacred Leaf,2,0,0,1,300,7,5,0,0,4,0,1,5,0,0,80,0,20,120,240,60,300,2,4,23,87,8,1,4,23,170,2,1,1,4,23,32,3,3,未使用,<po=m>Items: <0> <1>+<br>Items: <2> <3>+ Owned,未使用,Enchanted Root,8,Scroll of Knowledge,2,0
282,Energizing Rice Ball,2,0,0,1,300,10,5,0,0,8,0,1,5,0,0,160,0,20,240,480,60,300,2,4,23,88,12,1,4,23,170,4,1,1,4,23,34,3,3,未使用,<po=m>Items: <0> <1>+<br>Items: <2> <3>+ Owned,未使用,Fragrant Flower,12,Scroll of Knowledge,4,0
283,HP Orb,2,0,0,1,300,14,5,0,0,15,0,3,5,0,0,300,0,60,600,1200,3600,300,2,4,23,89,20,1,4,23,170,10,1,1,4,23,44,3,3,未使用,<po=m>Items: <0> <1>+<br>Items: <2> <3>+ Owned,未使用,Vitality Bottle,20,Scroll of Knowledge,10,0
284,MP Orb,2,0,0,1,300,17,5,0,0,22,0,5,5,0,0,440,0,100,900,1800,3600,300,2,4,23,90,25,1,4,23,170,15,1,1,4,23,45,3,3,未使用,<po=m>Items: <0> <1>+<br>Items: <2> <3>+ Owned,未使用,Magic Bottle,25,Scroll of Knowledge,15,0
285,Vigor Orb,2,0,0,1,300,16,5,0,0,21,0,4,5,0,0,420,0,80,840,1680,3600,300,2,4,23,91,24,1,4,23,170,14,1,1,4,23,46,3,3,未使用,<po=m>Items: <0> <1>+<br>Items: <2> <3>+ Owned,未使用,Mage's Potion,24,Scroll of Knowledge,14,0
286,Power Orb,2,0,0,1,300,16,5,0,0,19,0,4,5,0,0,380,0,80,780,1560,3600,300,2,4,23,92,23,1,4,23,170,13,1,1,4,23,47,3,3,未使用,<po=m>Items: <0> <1>+<br>Items: <2> <3>+ Owned,未使用,Sorcerer's Potion,23,Scroll of Knowledge,13,0
287,Resilience Orb,2,0,0,1,300,15,5,0,0,18,0,4,5,0,0,360,0,80,720,1440,3600,300,2,4,23,93,22,1,4,23,170,12,1,1,4,23,48,3,3,未使用,<po=m>Items: <0> <1>+<br>Items: <2> <3>+ Owned,未使用,Sage's Potion,22,Scroll of Knowledge,12,0
288,Agility Orb,2,0,0,1,300,15,5,0,0,16,0,3,5,0,0,320,0,60,660,1320,3600,300,2,4,23,94,21,1,4,23,170,11,1,1,4,23,49,3,3,未使用,<po=m>Items: <0> <1>+<br>Items: <2> <3>+ Owned,未使用,Energy Drink,21,Scroll of Knowledge,11,0
289,Fortune Orb,2,0,0,1,300,14,5,0,0,15,0,3,5,0,0,300,0,60,600,1200,3600,300,2,4,23,95,20,1,4,23,170,10,1,1,4,23,50,3,3,未使用,<po=m>Items: <0> <1>+<br>Items: <2> <3>+ Owned,未使用,Sweet Medicine,20,Scroll of Knowledge,10,0
290,Miracle Mallet,2,0,0,1,300,19,5,0,0,30,0,6,5,0,0,600,0,120,1200,2400,3600,300,2,4,23,85,30,1,4,23,170,20,1,1,4,23,51,3,3,未使用,<po=m>Items: <0> <1>+<br>Items: <2> <3>+ Owned,未使用,Medicinal Herb,30,Scroll of Knowledge,20,0
291,Wisdom Orb,2,0,0,1,300,12,5,0,0,9,0,2,5,0,0,180,0,40,360,720,3600,300,2,4,23,86,16,1,4,23,170,6,1,1,4,23,52,3,3,未使用,<po=m>Items: <0> <1>+<br>Items: <2> <3>+ Owned,未使用,Leaf of Life,16,Scroll of Knowledge,6,0
292,Dexterity Orb,2,0,0,1,300,13,5,0,0,10,0,2,5,0,0,200,0,40,420,840,3600,300,2,4,23,87,17,1,4,23,170,7,1,1,4,23,53,3,3,未使用,<po=m>Items: <0> <1>+<br>Items: <2> <3>+ Owned,未使用,Enchanted Root,17,Scroll of Knowledge,7,0
293,Forage Orb,2,0,0,1,300,13,5,0,0,12,0,2,5,0,0,240,0,40,480,960,3600,300,2,4,23,88,18,1,4,23,170,8,1,1,4,23,54,3,3,未使用,<po=m>Items: <0> <1>+<br>Items: <2> <3>+ Owned,未使用,Fragrant Flower,18,Scroll of Knowledge,8,0
294,Travel Orb,2,0,0,1,300,14,5,0,0,13,0,3,5,0,0,260,0,60,540,1080,3600,300,2,4,23,89,19,1,4,23,170,9,1,1,4,23,55,3,3,未使用,<po=m>Items: <0> <1>+<br>Items: <2> <3>+ Owned,未使用,Vitality Bottle,19,Scroll of Knowledge,9,0
295,Fondness Orb,2,0,0,1,300,14,5,0,0,15,0,3,5,0,0,300,0,60,600,1200,3600,300,2,4,23,90,20,1,4,23,170,10,1,1,4,23,56,3,3,未使用,<po=m>Items: <0> <1>+<br>Items: <2> <3>+ Owned,未使用,Magic Bottle,20,Scroll of Knowledge,10,0
296,Running Shoes,2,0,0,1,300,16,5,0,0,20,0,5,5,0,0,400,0,100,480,960,3600,300,2,4,23,91,22,1,4,23,170,8,1,1,4,23,57,3,3,未使用,<po=m>Items: <0> <1>+<br>Items: <2> <3>+ Owned,未使用,Mage's Potion,22,Scroll of Knowledge,8,0
297,Bronze Trophy,2,0,0,1,100,21,5,0,0,0,75,20,5,0,0,0,7500,400,900,3600,3600,100,2,4,23,73,31,1,4,23,170,15,1,1,4,23,66,1,3,未使用,<po=m>Items: <0> <1>+<br>Items: <2> <3>+ Owned,未使用,National Flag,31,Scroll of Knowledge,15,0
298,Silver Trophy,2,0,0,1,100,35,5,0,0,0,150,40,5,0,0,0,15000,800,1800,7200,3600,100,2,4,23,73,54,1,4,23,170,30,1,1,4,23,67,1,3,未使用,<po=m>Items: <0> <1>+<br>Items: <2> <3>+ Owned,未使用,National Flag,54,Scroll of Knowledge,30,0
299,Gold Trophy,2,0,0,1,100,48,5,0,0,0,225,60,5,0,0,0,22500,1200,2700,10800,3600,100,2,4,23,73,77,1,4,23,170,45,1,1,4,23,68,1,3,未使用,<po=m>Items: <0> <1>+<br>Items: <2> <3>+ Owned,未使用,National Flag,77,Scroll of Knowledge,45,0
300,Kairo Grail,2,0,0,1,100,72,5,0,0,0,400,106,5,0,0,0,40000,2120,4800,19200,3600,100,2,4,23,73,120,1,4,23,170,80,1,1,4,23,69,1,3,未使用,<po=m>Items: <0> <1>+<br>Items: <2> <3>+ Owned,未使用,National Flag,120,Scroll of Knowledge,80,0
301,Crown of Courage,2,0,0,1,100,69,5,0,0,0,300,80,5,0,0,0,30000,1600,3600,14400,3600,100,2,4,23,73,110,1,4,23,170,60,1,1,4,23,70,1,3,未使用,<po=m>Items: <0> <1>+<br>Items: <2> <3>+ Owned,未使用,National Flag,110,Scroll of Knowledge,60,0
302,Reindeer Stable,0,1,0,1,3,999,5,40,32,0,0,0,5,800,640,0,0,0,480,86400,97200,3,1,3,15,1000,1,,,,,,,1,4,35,300,1,1,未使用,Let's get researching!,未使用,Strong Cloth,0,Copper Coin,1,0
303,Bug Gathering Spot,0,1,0,1,4,999,5,0,70,56,0,0,5,0,1400,1120,0,0,420,86400,86400,4,1,3,15,1000,1,,,,,,,1,4,35,288,1,1,未使用,Let's get researching!,未使用,Strong Cloth,0,Copper Coin,1,0
304,Fishing Pond,0,1,0,1,4,999,5,0,81,0,90,0,5,0,1620,0,1800,0,540,86400,86400,4,1,3,15,1000,1,,,,,,,1,4,35,303,1,1,未使用,Let's get researching!,未使用,Strong Cloth,0,Copper Coin,1,0
305,Airport,0,1,0,1,1,999,5,0,0,0,180,180,5,0,0,0,3600,3600,900,86400,118800,1,1,3,15,1000,1,,,,,,,1,4,35,301,1,1,未使用,Let's get researching!,未使用,Strong Cloth,0,Copper Coin,1,0
306,S/ Santa Shield,1,6,0,1,1,999,5,0,0,0,3000,1500,5,0,0,0,6000,3000,45000,86400,118800,1,1,3,15,1000,1,,,,,,,1,4,81,312,1,3,未使用,Let's get researching!,未使用,Shield Sample,57,Sage's Tome,67,0